sample_id,seq_id,time,accepted,transition,img_x,img_y,img_z,var_x,var_y,var_z,p_0,p_1
0,0,0,0,0->1,data/train/mnist/2/51726.png,data/train/mnist/4/3957.png,data/train/svhn/6/4630.png,2,4,6,1,(0)
1,0,1,0,1->1,data/train/mnist/9/1459.png,data/train/mnist/0/53124.png,data/train/svhn/9/53760.png,9,0,9,1,1
2,0,2,0,1->2,data/train/mnist/9/10780.png,data/train/mnist/8/33273.png,data/train/svhn/1/45047.png,9,8,1,0,1
3,0,3,0,2->2,data/train/mnist/3/49560.png,data/train/mnist/3/43014.png,data/train/svhn/4/12738.png,3,3,4,0,0
4,0,4,0,2->1,data/train/mnist/0/20420.png,data/train/mnist/8/21312.png,data/train/svhn/8/54855.png,0,8,8,1,0
5,1,0,1,0->1,data/train/mnist/1/44813.png,data/train/mnist/6/13858.png,data/train/svhn/7/7134.png,1,6,7,1,(0)
6,1,1,1,1->2,data/train/mnist/6/8726.png,data/train/mnist/1/59488.png,data/train/svhn/5/42411.png,6,1,5,0,1
7,1,2,1,2->1,data/train/mnist/1/33663.png,data/train/mnist/8/14913.png,data/train/svhn/9/11854.png,1,8,9,1,0
8,1,3,1,1->2,data/train/mnist/7/32629.png,data/train/mnist/2/39918.png,data/train/svhn/5/28389.png,7,2,5,0,1
9,1,4,1,2->2,data/train/mnist/2/45867.png,data/train/mnist/1/23585.png,data/train/svhn/8/54972.png,2,1,8,0,0
10,2,0,0,0->1,data/train/mnist/6/32455.png,data/train/mnist/0/57091.png,data/train/svhn/6/11661.png,6,0,6,1,(1)
11,2,1,0,1->2,data/train/mnist/8/51266.png,data/train/mnist/8/16154.png,data/train/svhn/0/35341.png,8,8,0,0,1
12,2,2,0,2->2,data/train/mnist/6/2320.png,data/train/mnist/9/44641.png,data/train/svhn/3/71281.png,6,9,3,0,0
13,2,3,0,2->1,data/train/mnist/1/31739.png,data/train/mnist/4/34275.png,data/train/svhn/5/20266.png,1,4,5,1,0
14,2,4,0,1->1,data/train/mnist/7/28541.png,data/train/mnist/0/40188.png,data/train/svhn/7/46097.png,7,0,7,1,1
15,3,0,1,0->2,data/train/mnist/1/43350.png,data/train/mnist/5/8656.png,data/train/svhn/0/26969.png,1,5,0,0,(0)
16,3,1,1,2->1,data/train/mnist/2/13503.png,data/train/mnist/7/52594.png,data/train/svhn/9/37125.png,2,7,9,1,0
17,3,2,1,1->1,data/train/mnist/0/6461.png,data/train/mnist/0/14258.png,data/train/svhn/0/63893.png,0,0,0,1,1
18,3,3,1,1->1,data/train/mnist/4/51288.png,data/train/mnist/0/39823.png,data/train/svhn/4/19534.png,4,0,4,1,1
19,3,4,1,1->2,data/train/mnist/4/25100.png,data/train/mnist/2/54805.png,data/train/svhn/2/9310.png,4,2,2,0,1
20,4,0,1,0->2,data/train/mnist/7/45626.png,data/train/mnist/0/34440.png,data/train/svhn/3/18532.png,7,0,3,0,(0)
21,4,1,1,2->2,data/train/mnist/2/45420.png,data/train/mnist/7/56601.png,data/train/svhn/0/15931.png,2,7,0,0,0
22,4,2,1,2->2,data/train/mnist/8/5281.png,data/train/mnist/2/56069.png,data/train/svhn/0/57383.png,8,2,0,0,0
23,4,3,1,2->2,data/train/mnist/4/33127.png,data/train/mnist/7/42378.png,data/train/svhn/8/58949.png,4,7,8,0,0
24,4,4,1,2->2,data/train/mnist/4/38047.png,data/train/mnist/1/23740.png,data/train/svhn/2/5725.png,4,1,2,0,0
25,5,0,0,0->2,data/train/mnist/6/8384.png,data/train/mnist/4/37840.png,data/train/svhn/0/50123.png,6,4,0,0,(0)
26,5,1,0,2->2,data/train/mnist/1/11268.png,data/train/mnist/0/12888.png,data/train/svhn/7/41164.png,1,0,7,0,0
27,5,2,0,2->2,data/train/mnist/8/49617.png,data/train/mnist/6/41876.png,data/train/svhn/5/29672.png,8,6,5,0,0
28,5,3,0,2->1,data/train/mnist/2/47254.png,data/train/mnist/7/59484.png,data/train/svhn/9/52722.png,2,7,9,1,0
29,5,4,0,1->1,data/train/mnist/2/22284.png,data/train/mnist/0/32727.png,data/train/svhn/2/22293.png,2,0,2,1,1
30,6,0,0,0->1,data/train/mnist/0/51546.png,data/train/mnist/7/31239.png,data/train/svhn/7/56469.png,0,7,7,1,(0)
31,6,1,0,1->2,data/train/mnist/8/17894.png,data/train/mnist/8/8221.png,data/train/svhn/0/61008.png,8,8,0,0,1
32,6,2,0,2->1,data/train/mnist/2/42683.png,data/train/mnist/2/45852.png,data/train/svhn/4/1709.png,2,2,4,1,0
33,6,3,0,1->2,data/train/mnist/8/32300.png,data/train/mnist/8/3891.png,data/train/svhn/0/3262.png,8,8,0,0,1
34,6,4,0,2->1,data/train/mnist/1/31017.png,data/train/mnist/3/26391.png,data/train/svhn/4/49985.png,1,3,4,1,0
35,7,0,1,0->1,data/train/mnist/3/5642.png,data/train/mnist/3/48700.png,data/train/svhn/6/19138.png,3,3,6,1,(0)
36,7,1,1,1->1,data/train/mnist/6/44963.png,data/train/mnist/0/9209.png,data/train/svhn/6/866.png,6,0,6,1,1
37,7,2,1,1->1,data/train/mnist/9/46602.png,data/train/mnist/0/11105.png,data/train/svhn/9/10461.png,9,0,9,1,1
38,7,3,1,1->1,data/train/mnist/5/39999.png,data/train/mnist/0/55065.png,data/train/svhn/5/71898.png,5,0,5,1,1
39,7,4,1,1->2,data/train/mnist/5/35799.png,data/train/mnist/4/58433.png,data/train/svhn/1/50986.png,5,4,1,0,1
40,8,0,0,0->1,data/train/mnist/0/11105.png,data/train/mnist/4/37156.png,data/train/svhn/4/69023.png,0,4,4,1,(0)
41,8,1,0,1->1,data/train/mnist/2/13857.png,data/train/mnist/0/28365.png,data/train/svhn/2/60514.png,2,0,2,1,1
42,8,2,0,1->2,data/train/mnist/7/14348.png,data/train/mnist/5/56360.png,data/train/svhn/2/38074.png,7,5,2,0,1
43,8,3,0,2->1,data/train/mnist/0/14729.png,data/train/mnist/9/55600.png,data/train/svhn/9/26173.png,0,9,9,1,0
44,8,4,0,1->1,data/train/mnist/5/8731.png,data/train/mnist/0/6302.png,data/train/svhn/5/32413.png,5,0,5,1,1
45,9,0,1,0->2,data/train/mnist/7/44965.png,data/train/mnist/1/16914.png,data/train/svhn/2/56154.png,7,1,2,0,(0)
46,9,1,1,2->1,data/train/mnist/4/10311.png,data/train/mnist/3/29972.png,data/train/svhn/7/60605.png,4,3,7,1,0
47,9,2,1,1->1,data/train/mnist/9/38519.png,data/train/mnist/0/29562.png,data/train/svhn/9/13464.png,9,0,9,1,1
48,9,3,1,1->2,data/train/mnist/6/35709.png,data/train/mnist/6/56863.png,data/train/svhn/0/36384.png,6,6,0,0,1
49,9,4,1,2->2,data/train/mnist/4/4877.png,data/train/mnist/4/39636.png,data/train/svhn/2/3366.png,4,4,2,0,0
50,10,0,0,0->2,data/train/mnist/7/38468.png,data/train/mnist/1/44891.png,data/train/svhn/7/6608.png,7,1,7,0,(0)
51,10,1,0,2->1,data/train/mnist/4/41569.png,data/train/mnist/1/11883.png,data/train/svhn/5/44199.png,4,1,5,1,0
52,10,2,0,1->1,data/train/mnist/5/26493.png,data/train/mnist/0/46582.png,data/train/svhn/5/36372.png,5,0,5,1,1
53,10,3,0,1->2,data/train/mnist/4/5792.png,data/train/mnist/1/52745.png,data/train/svhn/3/51809.png,4,1,3,0,1
54,10,4,0,2->1,data/train/mnist/0/5801.png,data/train/mnist/1/41567.png,data/train/svhn/1/1222.png,0,1,1,1,0
55,11,0,1,0->1,data/train/mnist/0/5981.png,data/train/mnist/9/33822.png,data/train/svhn/9/62917.png,0,9,9,1,(0)
56,11,1,1,1->1,data/train/mnist/9/31405.png,data/train/mnist/0/27659.png,data/train/svhn/9/28590.png,9,0,9,1,1
57,11,2,1,1->2,data/train/mnist/9/38204.png,data/train/mnist/7/19625.png,data/train/svhn/2/9363.png,9,7,2,0,1
58,11,3,1,2->1,data/train/mnist/5/47873.png,data/train/mnist/1/8418.png,data/train/svhn/6/21007.png,5,1,6,1,0
59,11,4,1,1->2,data/train/mnist/5/50601.png,data/train/mnist/3/58931.png,data/train/svhn/2/4253.png,5,3,2,0,1
60,12,0,0,0->1,data/train/mnist/1/2122.png,data/train/mnist/0/37744.png,data/train/svhn/1/19051.png,1,0,1,1,(1)
61,12,1,0,1->2,data/train/mnist/7/52261.png,data/train/mnist/6/23907.png,data/train/svhn/1/17688.png,7,6,1,0,1
62,12,2,0,2->1,data/train/mnist/3/21877.png,data/train/mnist/6/51233.png,data/train/svhn/9/27659.png,3,6,9,1,0
63,12,3,0,1->1,data/train/mnist/2/48933.png,data/train/mnist/0/5773.png,data/train/svhn/2/65448.png,2,0,2,1,1
64,12,4,0,1->1,data/train/mnist/0/6045.png,data/train/mnist/0/23013.png,data/train/svhn/0/31634.png,0,0,0,1,1
65,13,0,1,0->2,data/train/mnist/2/21615.png,data/train/mnist/6/33486.png,data/train/svhn/9/38562.png,2,6,9,0,(0)
66,13,1,1,2->2,data/train/mnist/0/49065.png,data/train/mnist/9/33756.png,data/train/svhn/8/35864.png,0,9,8,0,0
67,13,2,1,2->2,data/train/mnist/9/16005.png,data/train/mnist/9/31309.png,data/train/svhn/6/32700.png,9,9,6,0,0
68,13,3,1,2->1,data/train/mnist/2/7082.png,data/train/mnist/2/6044.png,data/train/svhn/4/24441.png,2,2,4,1,0
69,13,4,1,1->2,data/train/mnist/9/18722.png,data/train/mnist/9/53680.png,data/train/svhn/0/25746.png,9,9,0,0,1
70,14,0,1,0->1,data/train/mnist/5/32686.png,data/train/mnist/3/23986.png,data/train/svhn/8/35535.png,5,3,8,1,(0)
71,14,1,1,1->2,data/train/mnist/9/38795.png,data/train/mnist/8/41363.png,data/train/svhn/1/13746.png,9,8,1,0,1
72,14,2,1,2->2,data/train/mnist/5/2172.png,data/train/mnist/9/20228.png,data/train/svhn/3/49818.png,5,9,3,0,0
73,14,3,1,2->2,data/train/mnist/6/28255.png,data/train/mnist/7/58383.png,data/train/svhn/3/71691.png,6,7,3,0,0
74,14,4,1,2->2,data/train/mnist/2/268.png,data/train/mnist/6/51518.png,data/train/svhn/3/68055.png,2,6,3,0,0
75,15,0,0,0->1,data/train/mnist/2/26170.png,data/train/mnist/5/14688.png,data/train/svhn/7/20439.png,2,5,7,1,(0)
76,15,1,0,1->1,data/train/mnist/9/54965.png,data/train/mnist/0/45515.png,data/train/svhn/9/31879.png,9,0,9,1,1
77,15,2,0,1->2,data/train/mnist/8/41893.png,data/train/mnist/4/22697.png,data/train/svhn/4/47405.png,8,4,4,0,1
78,15,3,0,2->2,data/train/mnist/2/59896.png,data/train/mnist/4/20726.png,data/train/svhn/3/1037.png,2,4,3,0,0
79,15,4,0,2->1,data/train/mnist/4/53362.png,data/train/mnist/4/34266.png,data/train/svhn/8/26569.png,4,4,8,1,0
80,16,0,1,0->1,data/train/mnist/1/22419.png,data/train/mnist/5/20210.png,data/train/svhn/6/64360.png,1,5,6,1,(0)
81,16,1,1,1->2,data/train/mnist/7/6752.png,data/train/mnist/5/38698.png,data/train/svhn/2/16672.png,7,5,2,0,1
82,16,2,1,2->1,data/train/mnist/0/4023.png,data/train/mnist/2/9672.png,data/train/svhn/2/69663.png,0,2,2,1,0
83,16,3,1,1->1,data/train/mnist/7/29443.png,data/train/mnist/0/47579.png,data/train/svhn/7/69229.png,7,0,7,1,1
84,16,4,1,1->2,data/train/mnist/9/24246.png,data/train/mnist/1/11157.png,data/train/svhn/8/39116.png,9,1,8,0,1
85,17,0,0,0->2,data/train/mnist/6/21226.png,data/train/mnist/4/7357.png,data/train/svhn/0/51018.png,6,4,0,0,(0)
86,17,1,0,2->2,data/train/mnist/4/22885.png,data/train/mnist/4/11641.png,data/train/svhn/3/8069.png,4,4,3,0,0
87,17,2,0,2->2,data/train/mnist/3/45108.png,data/train/mnist/8/37363.png,data/train/svhn/7/59913.png,3,8,7,0,0
88,17,3,0,2->2,data/train/mnist/3/46856.png,data/train/mnist/7/18966.png,data/train/svhn/6/71131.png,3,7,6,0,0
89,17,4,0,2->1,data/train/mnist/2/2073.png,data/train/mnist/1/40219.png,data/train/svhn/3/28994.png,2,1,3,1,0
90,18,0,1,0->1,data/train/mnist/2/15650.png,data/train/mnist/6/46067.png,data/train/svhn/8/69710.png,2,6,8,1,(0)
91,18,1,1,1->1,data/train/mnist/0/34057.png,data/train/mnist/0/26775.png,data/train/svhn/0/59169.png,0,0,0,1,1
92,18,2,1,1->2,data/train/mnist/9/43324.png,data/train/mnist/6/51378.png,data/train/svhn/3/52664.png,9,6,3,0,1
93,18,3,1,2->1,data/train/mnist/8/30527.png,data/train/mnist/1/1132.png,data/train/svhn/9/50379.png,8,1,9,1,0
94,18,4,1,1->2,data/train/mnist/5/16959.png,data/train/mnist/1/7747.png,data/train/svhn/4/23599.png,5,1,4,0,1
95,19,0,0,0->1,data/train/mnist/1/9987.png,data/train/mnist/2/55170.png,data/train/svhn/3/1615.png,1,2,3,1,(0)
96,19,1,0,1->1,data/train/mnist/5/29006.png,data/train/mnist/0/156.png,data/train/svhn/5/58759.png,5,0,5,1,1
97,19,2,0,1->1,data/train/mnist/6/39379.png,data/train/mnist/0/49111.png,data/train/svhn/6/14787.png,6,0,6,1,1
98,19,3,0,1->2,data/train/mnist/9/56507.png,data/train/mnist/7/34501.png,data/train/svhn/2/30792.png,9,7,2,0,1
99,19,4,0,2->1,data/train/mnist/5/1702.png,data/train/mnist/2/32077.png,data/train/svhn/7/5089.png,5,2,7,1,0
100,20,0,0,0->1,data/train/mnist/0/46772.png,data/train/mnist/4/58902.png,data/train/svhn/4/72864.png,0,4,4,1,(0)
101,20,1,0,1->2,data/train/mnist/8/34814.png,data/train/mnist/2/42138.png,data/train/svhn/6/5952.png,8,2,6,0,1
102,20,2,0,2->2,data/train/mnist/8/333.png,data/train/mnist/9/17793.png,data/train/svhn/0/20470.png,8,9,0,0,0
103,20,3,0,2->1,data/train/mnist/6/1309.png,data/train/mnist/3/24635.png,data/train/svhn/9/22029.png,6,3,9,1,0
104,20,4,0,1->1,data/train/mnist/4/4197.png,data/train/mnist/0/48641.png,data/train/svhn/4/67842.png,4,0,4,1,1
105,21,0,1,0->2,data/train/mnist/0/50990.png,data/train/mnist/0/57659.png,data/train/svhn/1/4128.png,0,0,1,0,(0)
106,21,1,1,2->1,data/train/mnist/0/5711.png,data/train/mnist/7/2102.png,data/train/svhn/7/31115.png,0,7,7,1,0
107,21,2,1,1->1,data/train/mnist/5/50301.png,data/train/mnist/0/39811.png,data/train/svhn/5/54545.png,5,0,5,1,1
108,21,3,1,1->1,data/train/mnist/2/23677.png,data/train/mnist/0/35320.png,data/train/svhn/2/34119.png,2,0,2,1,1
109,21,4,1,1->2,data/train/mnist/2/1361.png,data/train/mnist/2/27189.png,data/train/svhn/0/62220.png,2,2,0,0,1
110,22,0,1,0->1,data/train/mnist/2/45906.png,data/train/mnist/5/59945.png,data/train/svhn/7/67104.png,2,5,7,1,(0)
111,22,1,1,1->1,data/train/mnist/1/20094.png,data/train/mnist/0/24696.png,data/train/svhn/1/62002.png,1,0,1,1,1
112,22,2,1,1->1,data/train/mnist/6/10950.png,data/train/mnist/0/234.png,data/train/svhn/6/2460.png,6,0,6,1,1
113,22,3,1,1->2,data/train/mnist/9/43596.png,data/train/mnist/1/53966.png,data/train/svhn/8/38399.png,9,1,8,0,1
114,22,4,1,2->2,data/train/mnist/1/38160.png,data/train/mnist/0/29718.png,data/train/svhn/7/22818.png,1,0,7,0,0
115,23,0,0,0->1,data/train/mnist/3/15769.png,data/train/mnist/1/38384.png,data/train/svhn/4/31299.png,3,1,4,1,(0)
116,23,1,0,1->1,data/train/mnist/4/6025.png,data/train/mnist/0/29732.png,data/train/svhn/4/25742.png,4,0,4,1,1
117,23,2,0,1->1,data/train/mnist/5/37552.png,data/train/mnist/0/44474.png,data/train/svhn/5/40491.png,5,0,5,1,1
118,23,3,0,1->1,data/train/mnist/5/3385.png,data/train/mnist/0/15407.png,data/train/svhn/5/43699.png,5,0,5,1,1
119,23,4,0,1->1,data/train/mnist/9/56527.png,data/train/mnist/0/28540.png,data/train/svhn/9/5582.png,9,0,9,1,1
120,24,0,0,0->1,data/train/mnist/2/43124.png,data/train/mnist/6/16889.png,data/train/svhn/8/49163.png,2,6,8,1,(0)
121,24,1,0,1->1,data/train/mnist/9/29168.png,data/train/mnist/0/4023.png,data/train/svhn/9/60447.png,9,0,9,1,1
122,24,2,0,1->2,data/train/mnist/8/40652.png,data/train/mnist/5/15273.png,data/train/svhn/3/28147.png,8,5,3,0,1
123,24,3,0,2->2,data/train/mnist/6/55255.png,data/train/mnist/0/2009.png,data/train/svhn/5/8470.png,6,0,5,0,0
124,24,4,0,2->1,data/train/mnist/4/45100.png,data/train/mnist/1/11278.png,data/train/svhn/5/48911.png,4,1,5,1,0
125,25,0,1,0->1,data/train/mnist/0/11052.png,data/train/mnist/5/26493.png,data/train/svhn/5/69942.png,0,5,5,1,(0)
126,25,1,1,1->1,data/train/mnist/2/10279.png,data/train/mnist/0/39483.png,data/train/svhn/2/39014.png,2,0,2,1,1
127,25,2,1,1->2,data/train/mnist/9/45784.png,data/train/mnist/6/19431.png,data/train/svhn/3/63208.png,9,6,3,0,1
128,25,3,1,2->2,data/train/mnist/4/11953.png,data/train/mnist/0/14137.png,data/train/svhn/5/20030.png,4,0,5,0,0
129,25,4,1,2->2,data/train/mnist/9/4362.png,data/train/mnist/7/49846.png,data/train/svhn/1/19212.png,9,7,1,0,0
130,26,0,0,0->2,data/train/mnist/7/32613.png,data/train/mnist/2/32057.png,data/train/svhn/2/5704.png,7,2,2,0,(0)
131,26,1,0,2->2,data/train/mnist/4/22537.png,data/train/mnist/5/20210.png,data/train/svhn/4/26693.png,4,5,4,0,0
132,26,2,0,2->2,data/train/mnist/2/20867.png,data/train/mnist/3/28858.png,data/train/svhn/6/29842.png,2,3,6,0,0
133,26,3,0,2->1,data/train/mnist/0/8247.png,data/train/mnist/2/59110.png,data/train/svhn/2/46287.png,0,2,2,1,0
134,26,4,0,1->1,data/train/mnist/7/30286.png,data/train/mnist/0/43960.png,data/train/svhn/7/61085.png,7,0,7,1,1
135,27,0,1,0->1,data/train/mnist/6/39406.png,data/train/mnist/3/58793.png,data/train/svhn/9/70640.png,6,3,9,1,(0)
136,27,1,1,1->2,data/train/mnist/9/21562.png,data/train/mnist/2/6642.png,data/train/svhn/7/64765.png,9,2,7,0,1
137,27,2,1,2->2,data/train/mnist/1/7973.png,data/train/mnist/0/15520.png,data/train/svhn/4/26059.png,1,0,4,0,0
138,27,3,1,2->1,data/train/mnist/0/44598.png,data/train/mnist/9/48413.png,data/train/svhn/9/68322.png,0,9,9,1,0
139,27,4,1,1->2,data/train/mnist/6/54929.png,data/train/mnist/3/22113.png,data/train/svhn/3/44460.png,6,3,3,0,1
140,28,0,1,0->2,data/train/mnist/7/56329.png,data/train/mnist/2/48323.png,data/train/svhn/0/7445.png,7,2,0,0,(0)
141,28,1,1,2->1,data/train/mnist/7/21587.png,data/train/mnist/1/9453.png,data/train/svhn/8/38220.png,7,1,8,1,0
142,28,2,1,1->1,data/train/mnist/0/54221.png,data/train/mnist/0/29471.png,data/train/svhn/0/7534.png,0,0,0,1,1
143,28,3,1,1->2,data/train/mnist/9/409.png,data/train/mnist/2/41841.png,data/train/svhn/7/24157.png,9,2,7,0,1
144,28,4,1,2->2,data/train/mnist/4/20851.png,data/train/mnist/5/40347.png,data/train/svhn/8/35484.png,4,5,8,0,0
145,29,0,0,0->1,data/train/mnist/0/50435.png,data/train/mnist/4/33718.png,data/train/svhn/4/41555.png,0,4,4,1,(0)
146,29,1,0,1->1,data/train/mnist/1/16222.png,data/train/mnist/0/30926.png,data/train/svhn/1/50102.png,1,0,1,1,1
147,29,2,0,1->1,data/train/mnist/7/54751.png,data/train/mnist/0/22294.png,data/train/svhn/7/16802.png,7,0,7,1,1
148,29,3,0,1->2,data/train/mnist/7/22993.png,data/train/mnist/3/19793.png,data/train/svhn/4/10852.png,7,3,4,0,1
149,29,4,0,2->1,data/train/mnist/5/13642.png,data/train/mnist/2/8480.png,data/train/svhn/7/72614.png,5,2,7,1,0
150,30,0,1,0->1,data/train/mnist/3/8756.png,data/train/mnist/6/30687.png,data/train/svhn/9/2867.png,3,6,9,1,(0)
151,30,1,1,1->1,data/train/mnist/1/13569.png,data/train/mnist/0/6681.png,data/train/svhn/1/46315.png,1,0,1,1,1
152,30,2,1,1->2,data/train/mnist/2/52840.png,data/train/mnist/1/33516.png,data/train/svhn/1/7924.png,2,1,1,0,1
153,30,3,1,2->2,data/train/mnist/5/36253.png,data/train/mnist/7/19893.png,data/train/svhn/2/47952.png,5,7,2,0,0
154,30,4,1,2->2,data/train/mnist/7/53234.png,data/train/mnist/6/27303.png,data/train/svhn/3/32047.png,7,6,3,0,0
155,31,0,0,0->1,data/train/mnist/3/20587.png,data/train/mnist/0/48532.png,data/train/svhn/3/52802.png,3,0,3,1,(1)
156,31,1,0,1->2,data/train/mnist/6/19960.png,data/train/mnist/6/23363.png,data/train/svhn/0/67927.png,6,6,0,0,1
157,31,2,0,2->1,data/train/mnist/5/32074.png,data/train/mnist/1/49876.png,data/train/svhn/6/64434.png,5,1,6,1,0
158,31,3,0,1->2,data/train/mnist/7/25452.png,data/train/mnist/1/53119.png,data/train/svhn/6/58050.png,7,1,6,0,1
159,31,4,0,2->1,data/train/mnist/0/40179.png,data/train/mnist/3/22767.png,data/train/svhn/3/25386.png,0,3,3,1,0
160,32,0,0,0->1,data/train/mnist/3/8672.png,data/train/mnist/3/14456.png,data/train/svhn/6/42829.png,3,3,6,1,(0)
161,32,1,0,1->1,data/train/mnist/1/32315.png,data/train/mnist/0/38128.png,data/train/svhn/1/43983.png,1,0,1,1,1
162,32,2,0,1->1,data/train/mnist/9/42870.png,data/train/mnist/0/22910.png,data/train/svhn/9/29117.png,9,0,9,1,1
163,32,3,0,1->1,data/train/mnist/1/45559.png,data/train/mnist/0/25304.png,data/train/svhn/1/9294.png,1,0,1,1,1
164,32,4,0,1->1,data/train/mnist/1/10409.png,data/train/mnist/0/42008.png,data/train/svhn/1/20988.png,1,0,1,1,1
165,33,0,1,0->1,data/train/mnist/5/52347.png,data/train/mnist/1/45693.png,data/train/svhn/6/55145.png,5,1,6,1,(0)
166,33,1,1,1->2,data/train/mnist/8/9564.png,data/train/mnist/3/27675.png,data/train/svhn/5/18339.png,8,3,5,0,1
167,33,2,1,2->2,data/train/mnist/3/12836.png,data/train/mnist/4/27222.png,data/train/svhn/2/20883.png,3,4,2,0,0
168,33,3,1,2->2,data/train/mnist/7/44212.png,data/train/mnist/5/41682.png,data/train/svhn/3/16469.png,7,5,3,0,0
169,33,4,1,2->2,data/train/mnist/2/21147.png,data/train/mnist/8/51897.png,data/train/svhn/9/42445.png,2,8,9,0,0
170,34,0,0,0->2,data/train/mnist/3/13957.png,data/train/mnist/1/6785.png,data/train/svhn/9/11427.png,3,1,9,0,(0)
171,34,1,0,2->2,data/train/mnist/4/44860.png,data/train/mnist/4/53157.png,data/train/svhn/1/14460.png,4,4,1,0,0
172,34,2,0,2->1,data/train/mnist/3/30183.png,data/train/mnist/4/2224.png,data/train/svhn/7/65979.png,3,4,7,1,0
173,34,3,0,1->1,data/train/mnist/9/56348.png,data/train/mnist/0/46069.png,data/train/svhn/9/7277.png,9,0,9,1,1
174,34,4,0,1->1,data/train/mnist/2/41179.png,data/train/mnist/0/47389.png,data/train/svhn/2/6679.png,2,0,2,1,1
175,35,0,1,0->2,data/train/mnist/7/26441.png,data/train/mnist/6/13546.png,data/train/svhn/8/65725.png,7,6,8,0,(0)
176,35,1,1,2->1,data/train/mnist/0/48523.png,data/train/mnist/9/48257.png,data/train/svhn/9/68188.png,0,9,9,1,0
177,35,2,1,1->1,data/train/mnist/3/57306.png,data/train/mnist/0/429.png,data/train/svhn/3/49796.png,3,0,3,1,1
178,35,3,1,1->2,data/train/mnist/7/36889.png,data/train/mnist/3/33953.png,data/train/svhn/4/71951.png,7,3,4,0,1
179,35,4,1,2->2,data/train/mnist/3/2796.png,data/train/mnist/6/38876.png,data/train/svhn/2/21057.png,3,6,2,0,0
180,36,0,1,0->2,data/train/mnist/0/22634.png,data/train/mnist/6/37334.png,data/train/svhn/3/34676.png,0,6,3,0,(0)
181,36,1,1,2->1,data/train/mnist/0/3632.png,data/train/mnist/4/15023.png,data/train/svhn/4/25325.png,0,4,4,1,0
182,36,2,1,1->1,data/train/mnist/2/32845.png,data/train/mnist/0/2581.png,data/train/svhn/2/10914.png,2,0,2,1,1
183,36,3,1,1->1,data/train/mnist/9/57854.png,data/train/mnist/0/10975.png,data/train/svhn/9/41047.png,9,0,9,1,1
184,36,4,1,1->2,data/train/mnist/9/1632.png,data/train/mnist/5/15884.png,data/train/svhn/4/27025.png,9,5,4,0,1
185,37,0,0,0->1,data/train/mnist/8/44775.png,data/train/mnist/1/37547.png,data/train/svhn/9/53170.png,8,1,9,1,(0)
186,37,1,0,1->2,data/train/mnist/8/36610.png,data/train/mnist/3/34713.png,data/train/svhn/5/48963.png,8,3,5,0,1
187,37,2,0,2->1,data/train/mnist/1/55173.png,data/train/mnist/8/28739.png,data/train/svhn/9/53995.png,1,8,9,1,0
188,37,3,0,1->2,data/train/mnist/8/47882.png,data/train/mnist/7/12062.png,data/train/svhn/1/42842.png,8,7,1,0,1
189,37,4,0,2->1,data/train/mnist/1/37650.png,data/train/mnist/6/9144.png,data/train/svhn/7/22808.png,1,6,7,1,0
190,38,0,0,0->1,data/train/mnist/2/1987.png,data/train/mnist/0/40115.png,data/train/svhn/2/53756.png,2,0,2,1,(1)
191,38,1,0,1->1,data/train/mnist/0/12799.png,data/train/mnist/0/21266.png,data/train/svhn/0/66338.png,0,0,0,1,1
192,38,2,0,1->2,data/train/mnist/9/13194.png,data/train/mnist/6/46943.png,data/train/svhn/3/28486.png,9,6,3,0,1
193,38,3,0,2->2,data/train/mnist/3/4235.png,data/train/mnist/8/1009.png,data/train/svhn/5/28899.png,3,8,5,0,0
194,38,4,0,2->1,data/train/mnist/1/29499.png,data/train/mnist/7/39845.png,data/train/svhn/8/1143.png,1,7,8,1,0
195,39,0,1,0->1,data/train/mnist/0/825.png,data/train/mnist/5/27377.png,data/train/svhn/5/18641.png,0,5,5,1,(0)
196,39,1,1,1->2,data/train/mnist/9/41982.png,data/train/mnist/2/44362.png,data/train/svhn/7/52657.png,9,2,7,0,1
197,39,2,1,2->2,data/train/mnist/6/42521.png,data/train/mnist/6/19712.png,data/train/svhn/7/18186.png,6,6,7,0,0
198,39,3,1,2->2,data/train/mnist/8/41013.png,data/train/mnist/9/52714.png,data/train/svhn/3/73115.png,8,9,3,0,0
199,39,4,1,2->2,data/train/mnist/0/33192.png,data/train/mnist/1/31633.png,data/train/svhn/5/45766.png,0,1,5,0,0
200,40,0,0,0->2,data/train/mnist/8/23591.png,data/train/mnist/6/44732.png,data/train/svhn/9/6.png,8,6,9,0,(0)
201,40,1,0,2->2,data/train/mnist/7/25062.png,data/train/mnist/3/14467.png,data/train/svhn/8/58214.png,7,3,8,0,0
202,40,2,0,2->1,data/train/mnist/4/2256.png,data/train/mnist/4/16856.png,data/train/svhn/8/23788.png,4,4,8,1,0
203,40,3,0,1->1,data/train/mnist/4/35513.png,data/train/mnist/0/36116.png,data/train/svhn/4/9243.png,4,0,4,1,1
204,40,4,0,1->1,data/train/mnist/7/24503.png,data/train/mnist/0/16585.png,data/train/svhn/7/16223.png,7,0,7,1,1
205,41,0,1,0->2,data/train/mnist/4/59789.png,data/train/mnist/5/22382.png,data/train/svhn/1/46524.png,4,5,1,0,(0)
206,41,1,1,2->1,data/train/mnist/3/40256.png,data/train/mnist/2/1629.png,data/train/svhn/5/30646.png,3,2,5,1,0
207,41,2,1,1->2,data/train/mnist/9/20901.png,data/train/mnist/3/30000.png,data/train/svhn/6/38907.png,9,3,6,0,1
208,41,3,1,2->1,data/train/mnist/4/42956.png,data/train/mnist/2/15363.png,data/train/svhn/6/70676.png,4,2,6,1,0
209,41,4,1,1->2,data/train/mnist/1/36185.png,data/train/mnist/1/32465.png,data/train/svhn/0/37676.png,1,1,0,0,1
210,42,0,0,0->1,data/train/mnist/0/11022.png,data/train/mnist/7/56356.png,data/train/svhn/7/67300.png,0,7,7,1,(0)
211,42,1,0,1->2,data/train/mnist/8/55234.png,data/train/mnist/6/57770.png,data/train/svhn/2/19927.png,8,6,2,0,1
212,42,2,0,2->2,data/train/mnist/6/1358.png,data/train/mnist/2/57363.png,data/train/svhn/7/64980.png,6,2,7,0,0
213,42,3,0,2->1,data/train/mnist/4/2208.png,data/train/mnist/2/21164.png,data/train/svhn/6/41980.png,4,2,6,1,0
214,42,4,0,1->1,data/train/mnist/6/38479.png,data/train/mnist/0/41412.png,data/train/svhn/6/30547.png,6,0,6,1,1
215,43,0,1,0->1,data/train/mnist/1/15903.png,data/train/mnist/3/41010.png,data/train/svhn/4/62517.png,1,3,4,1,(0)
216,43,1,1,1->2,data/train/mnist/9/38813.png,data/train/mnist/8/31206.png,data/train/svhn/1/30850.png,9,8,1,0,1
217,43,2,1,2->1,data/train/mnist/8/37075.png,data/train/mnist/1/34373.png,data/train/svhn/9/9211.png,8,1,9,1,0
218,43,3,1,1->2,data/train/mnist/4/24511.png,data/train/mnist/1/34512.png,data/train/svhn/3/20749.png,4,1,3,0,1
219,43,4,1,2->2,data/train/mnist/0/47422.png,data/train/mnist/9/47264.png,data/train/svhn/8/49128.png,0,9,8,0,0
220,44,0,1,0->1,data/train/mnist/4/41528.png,data/train/mnist/5/15232.png,data/train/svhn/9/20240.png,4,5,9,1,(0)
221,44,1,1,1->2,data/train/mnist/9/47125.png,data/train/mnist/3/28485.png,data/train/svhn/6/4851.png,9,3,6,0,1
222,44,2,1,2->1,data/train/mnist/3/1449.png,data/train/mnist/2/5297.png,data/train/svhn/5/39162.png,3,2,5,1,0
223,44,3,1,1->1,data/train/mnist/4/37328.png,data/train/mnist/0/52928.png,data/train/svhn/4/57150.png,4,0,4,1,1
224,44,4,1,1->2,data/train/mnist/5/18141.png,data/train/mnist/2/48483.png,data/train/svhn/3/20806.png,5,2,3,0,1
225,45,0,0,0->2,data/train/mnist/9/42017.png,data/train/mnist/9/35368.png,data/train/svhn/7/48018.png,9,9,7,0,(0)
226,45,1,0,2->2,data/train/mnist/3/31631.png,data/train/mnist/7/27532.png,data/train/svhn/7/53259.png,3,7,7,0,0
227,45,2,0,2->1,data/train/mnist/4/1098.png,data/train/mnist/2/716.png,data/train/svhn/6/42425.png,4,2,6,1,0
228,45,3,0,1->3,data/train/mnist/8/24959.png,data/train/mnist/6/35616.png,data/train/svhn/3/39511.png,8,6,3,(0),0
229,45,4,0,3->3,data/train/mnist/1/33191.png,data/train/mnist/8/25081.png,data/train/svhn/1/6998.png,(1),(8),(1),(0),(0)
230,46,0,0,0->1,data/train/mnist/4/38960.png,data/train/mnist/0/2557.png,data/train/svhn/4/11660.png,4,0,4,1,(1)
231,46,1,0,1->1,data/train/mnist/8/15458.png,data/train/mnist/0/20727.png,data/train/svhn/8/25692.png,8,0,8,1,1
232,46,2,0,1->1,data/train/mnist/5/36495.png,data/train/mnist/0/27603.png,data/train/svhn/5/23666.png,5,0,5,1,1
233,46,3,0,1->2,data/train/mnist/9/26042.png,data/train/mnist/9/23512.png,data/train/svhn/0/7677.png,9,9,0,0,1
234,46,4,0,2->1,data/train/mnist/5/48564.png,data/train/mnist/3/56966.png,data/train/svhn/8/49946.png,5,3,8,1,0
235,47,0,1,0->2,data/train/mnist/9/21302.png,data/train/mnist/0/9710.png,data/train/svhn/6/16566.png,9,0,6,0,(0)
236,47,1,1,2->1,data/train/mnist/1/24376.png,data/train/mnist/1/18400.png,data/train/svhn/2/5548.png,1,1,2,1,0
237,47,2,1,1->1,data/train/mnist/7/38278.png,data/train/mnist/0/34273.png,data/train/svhn/7/44663.png,7,0,7,1,1
238,47,3,1,1->2,data/train/mnist/4/55005.png,data/train/mnist/4/34781.png,data/train/svhn/0/59701.png,4,4,0,0,1
239,47,4,1,2->2,data/train/mnist/3/54073.png,data/train/mnist/5/18123.png,data/train/svhn/9/17587.png,3,5,9,0,0
240,48,0,0,0->1,data/train/mnist/7/47266.png,data/train/mnist/1/24958.png,data/train/svhn/8/58369.png,7,1,8,1,(0)
241,48,1,0,1->1,data/train/mnist/6/11479.png,data/train/mnist/0/20827.png,data/train/svhn/6/46649.png,6,0,6,1,1
242,48,2,0,1->2,data/train/mnist/4/19961.png,data/train/mnist/4/18570.png,data/train/svhn/0/461.png,4,4,0,0,1
243,48,3,0,2->1,data/train/mnist/4/27612.png,data/train/mnist/3/25454.png,data/train/svhn/7/24731.png,4,3,7,1,0
244,48,4,0,1->1,data/train/mnist/4/48928.png,data/train/mnist/0/53243.png,data/train/svhn/4/60765.png,4,0,4,1,1
245,49,0,1,0->2,data/train/mnist/6/45643.png,data/train/mnist/9/53623.png,data/train/svhn/9/69859.png,6,9,9,0,(0)
246,49,1,1,2->1,data/train/mnist/0/22441.png,data/train/mnist/5/40535.png,data/train/svhn/5/2029.png,0,5,5,1,0
247,49,2,1,1->2,data/train/mnist/9/23128.png,data/train/mnist/6/58438.png,data/train/svhn/3/57328.png,9,6,3,0,1
248,49,3,1,2->2,data/train/mnist/4/9585.png,data/train/mnist/7/39672.png,data/train/svhn/2/43421.png,4,7,2,0,0
249,49,4,1,2->2,data/train/mnist/1/59200.png,data/train/mnist/0/6611.png,data/train/svhn/3/49952.png,1,0,3,0,0
250,50,0,0,0->1,data/train/mnist/0/24476.png,data/train/mnist/4/1160.png,data/train/svhn/4/34874.png,0,4,4,1,(0)
251,50,1,0,1->2,data/train/mnist/9/31621.png,data/train/mnist/8/615.png,data/train/svhn/1/9325.png,9,8,1,0,1
252,50,2,0,2->1,data/train/mnist/7/15490.png,data/train/mnist/1/12436.png,data/train/svhn/8/14032.png,7,1,8,1,0
253,50,3,0,1->1,data/train/mnist/2/52611.png,data/train/mnist/0/36269.png,data/train/svhn/2/18846.png,2,0,2,1,1
254,50,4,0,1->1,data/train/mnist/8/32329.png,data/train/mnist/0/44859.png,data/train/svhn/8/69122.png,8,0,8,1,1
255,51,0,1,0->2,data/train/mnist/3/30675.png,data/train/mnist/3/26291.png,data/train/svhn/2/33985.png,3,3,2,0,(0)
256,51,1,1,2->1,data/train/mnist/2/51719.png,data/train/mnist/6/46088.png,data/train/svhn/8/1072.png,2,6,8,1,0
257,51,2,1,1->2,data/train/mnist/3/34364.png,data/train/mnist/3/58089.png,data/train/svhn/0/7947.png,3,3,0,0,1
258,51,3,1,2->1,data/train/mnist/3/28037.png,data/train/mnist/1/6458.png,data/train/svhn/4/26951.png,3,1,4,1,0
259,51,4,1,1->2,data/train/mnist/7/19989.png,data/train/mnist/7/43584.png,data/train/svhn/0/18945.png,7,7,0,0,1
260,52,0,0,0->2,data/train/mnist/4/5549.png,data/train/mnist/0/55721.png,data/train/svhn/7/52832.png,4,0,7,0,(0)
261,52,1,0,2->1,data/train/mnist/3/36048.png,data/train/mnist/5/30864.png,data/train/svhn/8/72416.png,3,5,8,1,0
262,52,2,0,1->1,data/train/mnist/7/31527.png,data/train/mnist/0/55806.png,data/train/svhn/7/6253.png,7,0,7,1,1
263,52,3,0,1->1,data/train/mnist/9/48802.png,data/train/mnist/0/662.png,data/train/svhn/9/9087.png,9,0,9,1,1
264,52,4,0,1->1,data/train/mnist/4/22105.png,data/train/mnist/0/21600.png,data/train/svhn/4/1439.png,4,0,4,1,1
265,53,0,1,0->2,data/train/mnist/7/28880.png,data/train/mnist/7/24545.png,data/train/svhn/8/24902.png,7,7,8,0,(0)
266,53,1,1,2->2,data/train/mnist/9/37772.png,data/train/mnist/3/59202.png,data/train/svhn/5/71292.png,9,3,5,0,0
267,53,2,1,2->2,data/train/mnist/4/58956.png,data/train/mnist/5/54902.png,data/train/svhn/7/46673.png,4,5,7,0,0
268,53,3,1,2->1,data/train/mnist/1/35009.png,data/train/mnist/3/20096.png,data/train/svhn/4/48387.png,1,3,4,1,0
269,53,4,1,1->2,data/train/mnist/8/6322.png,data/train/mnist/4/22905.png,data/train/svhn/4/5068.png,8,4,4,0,1
270,54,0,1,0->2,data/train/mnist/7/18107.png,data/train/mnist/6/13084.png,data/train/svhn/1/2130.png,7,6,1,0,(1)
271,54,1,1,2->1,data/train/mnist/6/25358.png,data/train/mnist/1/18256.png,data/train/svhn/7/58608.png,6,1,7,1,0
272,54,2,1,1->1,data/train/mnist/2/21451.png,data/train/mnist/0/51618.png,data/train/svhn/2/24883.png,2,0,2,1,1
273,54,3,1,1->1,data/train/mnist/9/53045.png,data/train/mnist/0/22436.png,data/train/svhn/9/35283.png,9,0,9,1,1
274,54,4,1,1->2,data/train/mnist/7/54152.png,data/train/mnist/3/13478.png,data/train/svhn/4/9936.png,7,3,4,0,1
275,55,0,0,0->2,data/train/mnist/4/44167.png,data/train/mnist/1/57310.png,data/train/svhn/8/3773.png,4,1,8,0,(0)
276,55,1,0,2->2,data/train/mnist/5/46891.png,data/train/mnist/9/7949.png,data/train/svhn/9/31899.png,5,9,9,0,0
277,55,2,0,2->1,data/train/mnist/1/43426.png,data/train/mnist/2/49090.png,data/train/svhn/3/42120.png,1,2,3,1,0
278,55,3,0,1->2,data/train/mnist/4/21480.png,data/train/mnist/2/51320.png,data/train/svhn/2/47177.png,4,2,2,0,1
279,55,4,0,2->1,data/train/mnist/1/18659.png,data/train/mnist/3/34646.png,data/train/svhn/4/37171.png,1,3,4,1,0
280,56,0,0,0->2,data/train/mnist/3/49461.png,data/train/mnist/2/48017.png,data/train/svhn/4/36743.png,3,2,4,0,(0)
281,56,1,0,2->2,data/train/mnist/7/54176.png,data/train/mnist/7/1125.png,data/train/svhn/5/41575.png,7,7,5,0,0
282,56,2,0,2->1,data/train/mnist/3/7569.png,data/train/mnist/6/35566.png,data/train/svhn/9/8179.png,3,6,9,1,0
283,56,3,0,1->1,data/train/mnist/5/36888.png,data/train/mnist/0/48523.png,data/train/svhn/5/2161.png,5,0,5,1,1
284,56,4,0,1->1,data/train/mnist/3/19660.png,data/train/mnist/0/5932.png,data/train/svhn/3/36572.png,3,0,3,1,1
285,57,0,1,0->1,data/train/mnist/3/53385.png,data/train/mnist/1/4790.png,data/train/svhn/4/36826.png,3,1,4,1,(0)
286,57,1,1,1->2,data/train/mnist/7/28550.png,data/train/mnist/6/15441.png,data/train/svhn/1/52833.png,7,6,1,0,1
287,57,2,1,2->2,data/train/mnist/3/42681.png,data/train/mnist/8/45737.png,data/train/svhn/4/39213.png,3,8,4,0,0
288,57,3,1,2->1,data/train/mnist/1/29567.png,data/train/mnist/7/41854.png,data/train/svhn/8/4493.png,1,7,8,1,0
289,57,4,1,1->2,data/train/mnist/2/6172.png,data/train/mnist/1/47527.png,data/train/svhn/1/6757.png,2,1,1,0,1
290,58,0,0,0->1,data/train/mnist/3/5238.png,data/train/mnist/4/48885.png,data/train/svhn/7/26120.png,3,4,7,1,(0)
291,58,1,0,1->1,data/train/mnist/7/31671.png,data/train/mnist/0/39789.png,data/train/svhn/7/21458.png,7,0,7,1,1
292,58,2,0,1->2,data/train/mnist/4/44233.png,data/train/mnist/3/50644.png,data/train/svhn/1/41616.png,4,3,1,0,1
293,58,3,0,2->2,data/train/mnist/2/25217.png,data/train/mnist/4/2071.png,data/train/svhn/9/15741.png,2,4,9,0,0
294,58,4,0,2->1,data/train/mnist/1/17477.png,data/train/mnist/3/52563.png,data/train/svhn/4/40832.png,1,3,4,1,0
295,59,0,1,0->2,data/train/mnist/3/57166.png,data/train/mnist/1/33508.png,data/train/svhn/8/57674.png,3,1,8,0,(0)
296,59,1,1,2->1,data/train/mnist/4/33204.png,data/train/mnist/3/45675.png,data/train/svhn/7/33524.png,4,3,7,1,0
297,59,2,1,1->1,data/train/mnist/5/45711.png,data/train/mnist/0/21271.png,data/train/svhn/5/2514.png,5,0,5,1,1
298,59,3,1,1->1,data/train/mnist/1/7912.png,data/train/mnist/0/51331.png,data/train/svhn/1/17771.png,1,0,1,1,1
299,59,4,1,1->2,data/train/mnist/7/55799.png,data/train/mnist/6/48380.png,data/train/svhn/1/4055.png,7,6,1,0,1
300,60,0,1,0->1,data/train/mnist/7/36650.png,data/train/mnist/1/39785.png,data/train/svhn/8/59307.png,7,1,8,1,(0)
301,60,1,1,1->2,data/train/mnist/5/29705.png,data/train/mnist/1/25745.png,data/train/svhn/4/46192.png,5,1,4,0,1
302,60,2,1,2->1,data/train/mnist/5/52419.png,data/train/mnist/3/56581.png,data/train/svhn/8/55200.png,5,3,8,1,0
303,60,3,1,1->1,data/train/mnist/4/34138.png,data/train/mnist/0/39960.png,data/train/svhn/4/67798.png,4,0,4,1,1
304,60,4,1,1->2,data/train/mnist/8/12683.png,data/train/mnist/2/12861.png,data/train/svhn/6/41122.png,8,2,6,0,1
305,61,0,0,0->1,data/train/mnist/3/41843.png,data/train/mnist/6/59758.png,data/train/svhn/9/2328.png,3,6,9,1,(0)
306,61,1,0,1->2,data/train/mnist/5/20017.png,data/train/mnist/1/22328.png,data/train/svhn/4/3061.png,5,1,4,0,1
307,61,2,0,2->2,data/train/mnist/0/6496.png,data/train/mnist/2/47956.png,data/train/svhn/3/66193.png,0,2,3,0,0
308,61,3,0,2->2,data/train/mnist/2/57331.png,data/train/mnist/5/30042.png,data/train/svhn/5/46986.png,2,5,5,0,0
309,61,4,0,2->1,data/train/mnist/0/24715.png,data/train/mnist/2/18361.png,data/train/svhn/2/13862.png,0,2,2,1,0
310,62,0,0,0->2,data/train/mnist/8/47635.png,data/train/mnist/9/39448.png,data/train/svhn/4/41932.png,8,9,4,0,(0)
311,62,1,0,2->2,data/train/mnist/1/29615.png,data/train/mnist/9/33576.png,data/train/svhn/3/42234.png,1,9,3,0,0
312,62,2,0,2->2,data/train/mnist/3/1233.png,data/train/mnist/1/32133.png,data/train/svhn/7/45091.png,3,1,7,0,0
313,62,3,0,2->1,data/train/mnist/3/47173.png,data/train/mnist/2/9231.png,data/train/svhn/5/61766.png,3,2,5,1,0
314,62,4,0,1->1,data/train/mnist/7/14802.png,data/train/mnist/0/26859.png,data/train/svhn/7/16807.png,7,0,7,1,1
315,63,0,1,0->2,data/train/mnist/1/18899.png,data/train/mnist/1/17488.png,data/train/svhn/4/49036.png,1,1,4,0,(0)
316,63,1,1,2->1,data/train/mnist/5/51822.png,data/train/mnist/3/4632.png,data/train/svhn/8/60881.png,5,3,8,1,0
317,63,2,1,1->1,data/train/mnist/0/33940.png,data/train/mnist/0/35708.png,data/train/svhn/0/18683.png,0,0,0,1,1
318,63,3,1,1->1,data/train/mnist/1/15999.png,data/train/mnist/0/13033.png,data/train/svhn/1/26961.png,1,0,1,1,1
319,63,4,1,1->2,data/train/mnist/8/6153.png,data/train/mnist/5/55980.png,data/train/svhn/3/61907.png,8,5,3,0,1
320,64,0,0,0->1,data/train/mnist/4/18560.png,data/train/mnist/1/29968.png,data/train/svhn/5/49345.png,4,1,5,1,(0)
321,64,1,0,1->1,data/train/mnist/9/43147.png,data/train/mnist/0/4245.png,data/train/svhn/9/45040.png,9,0,9,1,1
322,64,2,0,1->2,data/train/mnist/4/57845.png,data/train/mnist/3/15375.png,data/train/svhn/1/7834.png,4,3,1,0,1
323,64,3,0,2->2,data/train/mnist/6/2837.png,data/train/mnist/5/41868.png,data/train/svhn/2/48749.png,6,5,2,0,0
324,64,4,0,2->1,data/train/mnist/4/34109.png,data/train/mnist/3/28299.png,data/train/svhn/7/56558.png,4,3,7,1,0
325,65,0,1,0->2,data/train/mnist/0/53934.png,data/train/mnist/5/48161.png,data/train/svhn/4/14915.png,0,5,4,0,(0)
326,65,1,1,2->1,data/train/mnist/6/57498.png,data/train/mnist/2/2073.png,data/train/svhn/8/61869.png,6,2,8,1,0
327,65,2,1,1->1,data/train/mnist/6/73.png,data/train/mnist/0/30700.png,data/train/svhn/6/8922.png,6,0,6,1,1
328,65,3,1,1->1,data/train/mnist/4/11629.png,data/train/mnist/0/10542.png,data/train/svhn/4/55273.png,4,0,4,1,1
329,65,4,1,1->2,data/train/mnist/8/25984.png,data/train/mnist/7/56816.png,data/train/svhn/1/59351.png,8,7,1,0,1
330,66,0,0,0->2,data/train/mnist/1/3593.png,data/train/mnist/5/38222.png,data/train/svhn/0/66576.png,1,5,0,0,(0)
331,66,1,0,2->1,data/train/mnist/0/37656.png,data/train/mnist/5/36153.png,data/train/svhn/5/9302.png,0,5,5,1,0
332,66,2,0,1->1,data/train/mnist/9/40371.png,data/train/mnist/0/31625.png,data/train/svhn/9/4664.png,9,0,9,1,1
333,66,3,0,1->1,data/train/mnist/2/52953.png,data/train/mnist/0/8223.png,data/train/svhn/2/17382.png,2,0,2,1,1
334,66,4,0,1->1,data/train/mnist/1/2776.png,data/train/mnist/0/36646.png,data/train/svhn/1/29183.png,1,0,1,1,1
335,67,0,1,0->1,data/train/mnist/0/51045.png,data/train/mnist/6/58093.png,data/train/svhn/6/31615.png,0,6,6,1,(0)
336,67,1,1,1->2,data/train/mnist/7/48955.png,data/train/mnist/7/28541.png,data/train/svhn/0/65233.png,7,7,0,0,1
337,67,2,1,2->2,data/train/mnist/9/58469.png,data/train/mnist/6/21294.png,data/train/svhn/7/9842.png,9,6,7,0,0
338,67,3,1,2->1,data/train/mnist/4/47033.png,data/train/mnist/3/13703.png,data/train/svhn/7/54948.png,4,3,7,1,0
339,67,4,1,1->2,data/train/mnist/9/600.png,data/train/mnist/6/51920.png,data/train/svhn/3/59068.png,9,6,3,0,1
340,68,0,0,0->2,data/train/mnist/3/49080.png,data/train/mnist/5/15685.png,data/train/svhn/5/13879.png,3,5,5,0,(0)
341,68,1,0,2->1,data/train/mnist/5/56363.png,data/train/mnist/4/10504.png,data/train/svhn/9/52163.png,5,4,9,1,0
342,68,2,0,1->1,data/train/mnist/0/39347.png,data/train/mnist/0/6367.png,data/train/svhn/0/57795.png,0,0,0,1,1
343,68,3,0,1->2,data/train/mnist/9/37233.png,data/train/mnist/4/24542.png,data/train/svhn/5/32761.png,9,4,5,0,1
344,68,4,0,2->1,data/train/mnist/4/20634.png,data/train/mnist/3/41943.png,data/train/svhn/7/38595.png,4,3,7,1,0
345,69,0,1,0->2,data/train/mnist/6/9745.png,data/train/mnist/8/14480.png,data/train/svhn/5/9268.png,6,8,5,0,(0)
346,69,1,1,2->2,data/train/mnist/5/44481.png,data/train/mnist/1/3177.png,data/train/svhn/3/69876.png,5,1,3,0,0
347,69,2,1,2->1,data/train/mnist/0/19732.png,data/train/mnist/8/44507.png,data/train/svhn/8/39872.png,0,8,8,1,0
348,69,3,1,1->2,data/train/mnist/8/5030.png,data/train/mnist/6/38379.png,data/train/svhn/2/50481.png,8,6,2,0,1
349,69,4,1,2->2,data/train/mnist/2/3142.png,data/train/mnist/7/1480.png,data/train/svhn/0/59877.png,2,7,0,0,0
350,70,0,1,0->1,data/train/mnist/8/9847.png,data/train/mnist/0/30363.png,data/train/svhn/8/46488.png,8,0,8,1,(1)
351,70,1,1,1->2,data/train/mnist/8/9944.png,data/train/mnist/1/10157.png,data/train/svhn/7/1275.png,8,1,7,0,1
352,70,2,1,2->1,data/train/mnist/1/42586.png,data/train/mnist/3/11489.png,data/train/svhn/4/50107.png,1,3,4,1,0
353,70,3,1,1->1,data/train/mnist/0/58160.png,data/train/mnist/0/14649.png,data/train/svhn/0/44358.png,0,0,0,1,1
354,70,4,1,1->2,data/train/mnist/4/23855.png,data/train/mnist/4/20665.png,data/train/svhn/0/60675.png,4,4,0,0,1
355,71,0,0,0->2,data/train/mnist/3/27480.png,data/train/mnist/2/53377.png,data/train/svhn/9/42968.png,3,2,9,0,(0)
356,71,1,0,2->1,data/train/mnist/6/24592.png,data/train/mnist/2/49148.png,data/train/svhn/8/19.png,6,2,8,1,0
357,71,2,0,1->2,data/train/mnist/9/44926.png,data/train/mnist/8/44200.png,data/train/svhn/1/63217.png,9,8,1,0,1
358,71,3,0,2->2,data/train/mnist/3/42391.png,data/train/mnist/5/27310.png,data/train/svhn/7/22423.png,3,5,7,0,0
359,71,4,0,2->1,data/train/mnist/0/32184.png,data/train/mnist/6/46524.png,data/train/svhn/6/61212.png,0,6,6,1,0
360,72,0,0,0->2,data/train/mnist/7/40701.png,data/train/mnist/5/31782.png,data/train/svhn/1/1913.png,7,5,1,0,(0)
361,72,1,0,2->2,data/train/mnist/6/12220.png,data/train/mnist/4/2819.png,data/train/svhn/6/55155.png,6,4,6,0,0
362,72,2,0,2->1,data/train/mnist/0/24715.png,data/train/mnist/7/23715.png,data/train/svhn/7/19781.png,0,7,7,1,0
363,72,3,0,1->1,data/train/mnist/5/13749.png,data/train/mnist/0/43092.png,data/train/svhn/5/25273.png,5,0,5,1,1
364,72,4,0,1->1,data/train/mnist/7/5496.png,data/train/mnist/0/10230.png,data/train/svhn/7/7188.png,7,0,7,1,1
365,73,0,1,0->1,data/train/mnist/0/52766.png,data/train/mnist/2/6056.png,data/train/svhn/2/53573.png,0,2,2,1,(0)
366,73,1,1,1->2,data/train/mnist/6/38152.png,data/train/mnist/5/56224.png,data/train/svhn/1/24967.png,6,5,1,0,1
367,73,2,1,2->1,data/train/mnist/0/36617.png,data/train/mnist/6/49900.png,data/train/svhn/6/38238.png,0,6,6,1,0
368,73,3,1,1->2,data/train/mnist/5/6840.png,data/train/mnist/2/34405.png,data/train/svhn/3/34411.png,5,2,3,0,1
369,73,4,1,2->2,data/train/mnist/0/20349.png,data/train/mnist/9/29495.png,data/train/svhn/2/37664.png,0,9,2,0,0
370,74,0,1,0->1,data/train/mnist/2/10194.png,data/train/mnist/6/3537.png,data/train/svhn/8/36759.png,2,6,8,1,(0)
371,74,1,1,1->1,data/train/mnist/7/5519.png,data/train/mnist/0/34854.png,data/train/svhn/7/23567.png,7,0,7,1,1
372,74,2,1,1->1,data/train/mnist/3/47311.png,data/train/mnist/0/36586.png,data/train/svhn/3/35107.png,3,0,3,1,1
373,74,3,1,1->2,data/train/mnist/9/32152.png,data/train/mnist/9/27430.png,data/train/svhn/0/57581.png,9,9,0,0,1
374,74,4,1,2->2,data/train/mnist/0/41606.png,data/train/mnist/7/24384.png,data/train/svhn/0/59053.png,0,7,0,0,0
375,75,0,0,0->1,data/train/mnist/3/23700.png,data/train/mnist/4/11040.png,data/train/svhn/7/32135.png,3,4,7,1,(0)
376,75,1,0,1->1,data/train/mnist/6/41688.png,data/train/mnist/0/57827.png,data/train/svhn/6/51099.png,6,0,6,1,1
377,75,2,0,1->1,data/train/mnist/2/51976.png,data/train/mnist/0/4852.png,data/train/svhn/2/70793.png,2,0,2,1,1
378,75,3,0,1->2,data/train/mnist/5/50549.png,data/train/mnist/5/8010.png,data/train/svhn/0/46750.png,5,5,0,0,1
379,75,4,0,2->1,data/train/mnist/6/10356.png,data/train/mnist/2/47354.png,data/train/svhn/8/57394.png,6,2,8,1,0
380,76,0,0,0->1,data/train/mnist/1/40537.png,data/train/mnist/0/30624.png,data/train/svhn/1/21616.png,1,0,1,1,(1)
381,76,1,0,1->1,data/train/mnist/4/4721.png,data/train/mnist/0/3461.png,data/train/svhn/4/34139.png,4,0,4,1,1
382,76,2,0,1->2,data/train/mnist/3/17929.png,data/train/mnist/2/21255.png,data/train/svhn/1/57446.png,3,2,1,0,1
383,76,3,0,2->1,data/train/mnist/2/34157.png,data/train/mnist/6/26394.png,data/train/svhn/8/15959.png,2,6,8,1,0
384,76,4,0,1->1,data/train/mnist/7/41026.png,data/train/mnist/0/11620.png,data/train/svhn/7/67789.png,7,0,7,1,1
385,77,0,1,0->2,data/train/mnist/3/27467.png,data/train/mnist/8/43986.png,data/train/svhn/9/43704.png,3,8,9,0,(0)
386,77,1,1,2->1,data/train/mnist/2/56298.png,data/train/mnist/1/2039.png,data/train/svhn/3/34516.png,2,1,3,1,0
387,77,2,1,1->2,data/train/mnist/5/39132.png,data/train/mnist/3/54530.png,data/train/svhn/2/66349.png,5,3,2,0,1
388,77,3,1,2->1,data/train/mnist/0/5470.png,data/train/mnist/3/17731.png,data/train/svhn/3/1678.png,0,3,3,1,0
389,77,4,1,1->2,data/train/mnist/6/19916.png,data/train/mnist/4/49712.png,data/train/svhn/2/56103.png,6,4,2,0,1
390,78,0,1,0->2,data/train/mnist/3/35954.png,data/train/mnist/2/37243.png,data/train/svhn/2/12518.png,3,2,2,0,(0)
391,78,1,1,2->2,data/train/mnist/7/48241.png,data/train/mnist/1/5983.png,data/train/svhn/2/28351.png,7,1,2,0,0
392,78,2,1,2->1,data/train/mnist/3/11021.png,data/train/mnist/5/39629.png,data/train/svhn/8/9375.png,3,5,8,1,0
393,78,3,1,1->1,data/train/mnist/6/17396.png,data/train/mnist/0/2765.png,data/train/svhn/6/35142.png,6,0,6,1,1
394,78,4,1,1->2,data/train/mnist/3/16831.png,data/train/mnist/1/23295.png,data/train/svhn/2/46487.png,3,1,2,0,1
395,79,0,0,0->2,data/train/mnist/5/3539.png,data/train/mnist/6/4724.png,data/train/svhn/4/7193.png,5,6,4,0,(0)
396,79,1,0,2->1,data/train/mnist/6/42788.png,data/train/mnist/1/55832.png,data/train/svhn/7/7639.png,6,1,7,1,0
397,79,2,0,1->1,data/train/mnist/2/31709.png,data/train/mnist/0/38744.png,data/train/svhn/2/24092.png,2,0,2,1,1
398,79,3,0,1->2,data/train/mnist/5/26037.png,data/train/mnist/4/53260.png,data/train/svhn/1/38284.png,5,4,1,0,1
399,79,4,0,2->1,data/train/mnist/2/36593.png,data/train/mnist/1/21248.png,data/train/svhn/3/5031.png,2,1,3,1,0
400,80,0,1,0->2,data/train/mnist/1/47268.png,data/train/mnist/6/46120.png,data/train/svhn/5/19435.png,1,6,5,0,(0)
401,80,1,1,2->1,data/train/mnist/8/43698.png,data/train/mnist/1/29222.png,data/train/svhn/9/69926.png,8,1,9,1,0
402,80,2,1,1->2,data/train/mnist/8/20116.png,data/train/mnist/8/47896.png,data/train/svhn/0/9487.png,8,8,0,0,1
403,80,3,1,2->1,data/train/mnist/4/40238.png,data/train/mnist/4/15622.png,data/train/svhn/8/2585.png,4,4,8,1,0
404,80,4,1,1->2,data/train/mnist/9/31653.png,data/train/mnist/3/17207.png,data/train/svhn/6/71517.png,9,3,6,0,1
405,81,0,0,0->1,data/train/mnist/1/31640.png,data/train/mnist/6/7968.png,data/train/svhn/7/66078.png,1,6,7,1,(0)
406,81,1,0,1->2,data/train/mnist/9/23950.png,data/train/mnist/3/24512.png,data/train/svhn/6/12763.png,9,3,6,0,1
407,81,2,0,2->2,data/train/mnist/8/50054.png,data/train/mnist/9/26005.png,data/train/svhn/1/13225.png,8,9,1,0,0
408,81,3,0,2->2,data/train/mnist/4/32832.png,data/train/mnist/4/28976.png,data/train/svhn/5/88.png,4,4,5,0,0
409,81,4,0,2->1,data/train/mnist/4/36097.png,data/train/mnist/1/3561.png,data/train/svhn/5/34757.png,4,1,5,1,0
410,82,0,1,0->2,data/train/mnist/5/40731.png,data/train/mnist/5/14078.png,data/train/svhn/3/49582.png,5,5,3,0,(0)
411,82,1,1,2->1,data/train/mnist/2/39959.png,data/train/mnist/6/4886.png,data/train/svhn/8/14780.png,2,6,8,1,0
412,82,2,1,1->1,data/train/mnist/0/4718.png,data/train/mnist/0/33723.png,data/train/svhn/0/45812.png,0,0,0,1,1
413,82,3,1,1->2,data/train/mnist/4/43228.png,data/train/mnist/2/58775.png,data/train/svhn/2/26478.png,4,2,2,0,1
414,82,4,1,2->2,data/train/mnist/1/46842.png,data/train/mnist/3/59707.png,data/train/svhn/0/25129.png,1,3,0,0,0
415,83,0,0,0->2,data/train/mnist/3/8450.png,data/train/mnist/8/55695.png,data/train/svhn/2/7877.png,3,8,2,0,(0)
416,83,1,0,2->1,data/train/mnist/7/28745.png,data/train/mnist/1/19211.png,data/train/svhn/8/53036.png,7,1,8,1,0
417,83,2,0,1->1,data/train/mnist/3/9272.png,data/train/mnist/0/41635.png,data/train/svhn/3/50333.png,3,0,3,1,1
418,83,3,0,1->2,data/train/mnist/7/32687.png,data/train/mnist/6/49526.png,data/train/svhn/1/33602.png,7,6,1,0,1
419,83,4,0,2->1,data/train/mnist/2/1264.png,data/train/mnist/1/31727.png,data/train/svhn/3/22095.png,2,1,3,1,0
420,84,0,0,0->1,data/train/mnist/3/1158.png,data/train/mnist/5/41094.png,data/train/svhn/8/53168.png,3,5,8,1,(0)
421,84,1,0,1->1,data/train/mnist/3/12836.png,data/train/mnist/0/27658.png,data/train/svhn/3/43075.png,3,0,3,1,1
422,84,2,0,1->2,data/train/mnist/6/48380.png,data/train/mnist/5/9587.png,data/train/svhn/1/32825.png,6,5,1,0,1
423,84,3,0,2->2,data/train/mnist/7/28443.png,data/train/mnist/4/257.png,data/train/svhn/8/20154.png,7,4,8,0,0
424,84,4,0,2->1,data/train/mnist/2/8939.png,data/train/mnist/5/18778.png,data/train/svhn/7/52656.png,2,5,7,1,0
425,85,0,1,0->1,data/train/mnist/8/30516.png,data/train/mnist/1/19122.png,data/train/svhn/9/44274.png,8,1,9,1,(0)
426,85,1,1,1->2,data/train/mnist/6/816.png,data/train/mnist/6/4078.png,data/train/svhn/0/25890.png,6,6,0,0,1
427,85,2,1,2->2,data/train/mnist/2/34747.png,data/train/mnist/0/11541.png,data/train/svhn/0/69520.png,2,0,0,0,0
428,85,3,1,2->2,data/train/mnist/1/42176.png,data/train/mnist/2/8152.png,data/train/svhn/9/69352.png,1,2,9,0,0
429,85,4,1,2->2,data/train/mnist/0/6958.png,data/train/mnist/1/36297.png,data/train/svhn/3/67042.png,0,1,3,0,0
430,86,0,0,0->1,data/train/mnist/0/7874.png,data/train/mnist/3/27078.png,data/train/svhn/3/39912.png,0,3,3,1,(0)
431,86,1,0,1->2,data/train/mnist/8/56386.png,data/train/mnist/8/27972.png,data/train/svhn/0/27495.png,8,8,0,0,1
432,86,2,0,2->2,data/train/mnist/3/28571.png,data/train/mnist/2/47667.png,data/train/svhn/2/4558.png,3,2,2,0,0
433,86,3,0,2->1,data/train/mnist/1/24436.png,data/train/mnist/2/10824.png,data/train/svhn/3/34867.png,1,2,3,1,0
434,86,4,0,1->1,data/train/mnist/0/28543.png,data/train/mnist/0/59659.png,data/train/svhn/0/35433.png,0,0,0,1,1
435,87,0,1,0->1,data/train/mnist/0/19565.png,data/train/mnist/9/6460.png,data/train/svhn/9/53726.png,0,9,9,1,(0)
436,87,1,1,1->1,data/train/mnist/9/24243.png,data/train/mnist/0/54012.png,data/train/svhn/9/51911.png,9,0,9,1,1
437,87,2,1,1->1,data/train/mnist/0/55646.png,data/train/mnist/0/31310.png,data/train/svhn/0/45861.png,0,0,0,1,1
438,87,3,1,1->1,data/train/mnist/5/19174.png,data/train/mnist/0/43404.png,data/train/svhn/5/45306.png,5,0,5,1,1
439,87,4,1,1->2,data/train/mnist/9/53831.png,data/train/mnist/4/6949.png,data/train/svhn/5/19592.png,9,4,5,0,1
440,88,0,0,0->2,data/train/mnist/5/37740.png,data/train/mnist/0/8809.png,data/train/svhn/8/66302.png,5,0,8,0,(0)
441,88,1,0,2->2,data/train/mnist/7/46565.png,data/train/mnist/5/17915.png,data/train/svhn/5/27877.png,7,5,5,0,0
442,88,2,0,2->2,data/train/mnist/4/43700.png,data/train/mnist/7/12123.png,data/train/svhn/1/66908.png,4,7,1,0,0
443,88,3,0,2->2,data/train/mnist/6/5311.png,data/train/mnist/0/52393.png,data/train/svhn/2/50012.png,6,0,2,0,0
444,88,4,0,2->1,data/train/mnist/3/43476.png,data/train/mnist/6/15051.png,data/train/svhn/9/69181.png,3,6,9,1,0
445,89,0,1,0->2,data/train/mnist/0/29039.png,data/train/mnist/9/6668.png,data/train/svhn/0/16916.png,0,9,0,0,(0)
446,89,1,1,2->2,data/train/mnist/5/27154.png,data/train/mnist/7/42030.png,data/train/svhn/0/39322.png,5,7,0,0,0
447,89,2,1,2->2,data/train/mnist/8/57898.png,data/train/mnist/0/6409.png,data/train/svhn/4/21893.png,8,0,4,0,0
448,89,3,1,2->1,data/train/mnist/4/31941.png,data/train/mnist/5/10051.png,data/train/svhn/9/70459.png,4,5,9,1,0
449,89,4,1,1->2,data/train/mnist/8/35939.png,data/train/mnist/8/56872.png,data/train/svhn/0/28863.png,8,8,0,0,1
450,90,0,1,0->2,data/train/mnist/7/13131.png,data/train/mnist/4/4919.png,data/train/svhn/0/32884.png,7,4,0,0,(0)
451,90,1,1,2->2,data/train/mnist/1/23993.png,data/train/mnist/5/24995.png,data/train/svhn/7/29603.png,1,5,7,0,0
452,90,2,1,2->1,data/train/mnist/1/53887.png,data/train/mnist/1/11728.png,data/train/svhn/2/6741.png,1,1,2,1,0
453,90,3,1,1->2,data/train/mnist/4/23286.png,data/train/mnist/3/16411.png,data/train/svhn/1/28156.png,4,3,1,0,1
454,90,4,1,2->2,data/train/mnist/9/16522.png,data/train/mnist/7/55613.png,data/train/svhn/6/8258.png,9,7,6,0,0
455,91,0,0,0->1,data/train/mnist/3/11034.png,data/train/mnist/0/57629.png,data/train/svhn/3/37833.png,3,0,3,1,(1)
456,91,1,0,1->2,data/train/mnist/9/3322.png,data/train/mnist/5/49079.png,data/train/svhn/4/25680.png,9,5,4,0,1
457,91,2,0,2->1,data/train/mnist/0/526.png,data/train/mnist/5/31099.png,data/train/svhn/5/24020.png,0,5,5,1,0
458,91,3,0,1->1,data/train/mnist/8/10948.png,data/train/mnist/0/6645.png,data/train/svhn/8/31381.png,8,0,8,1,1
459,91,4,0,1->1,data/train/mnist/8/57108.png,data/train/mnist/0/40240.png,data/train/svhn/8/23306.png,8,0,8,1,1
460,92,0,1,0->1,data/train/mnist/1/36448.png,data/train/mnist/0/4642.png,data/train/svhn/1/25385.png,1,0,1,1,(1)
461,92,1,1,1->2,data/train/mnist/2/58441.png,data/train/mnist/1/31848.png,data/train/svhn/1/23203.png,2,1,1,0,1
462,92,2,1,2->2,data/train/mnist/9/40487.png,data/train/mnist/3/46117.png,data/train/svhn/7/18078.png,9,3,7,0,0
463,92,3,1,2->1,data/train/mnist/0/56176.png,data/train/mnist/9/43478.png,data/train/svhn/9/63159.png,0,9,9,1,0
464,92,4,1,1->2,data/train/mnist/6/33135.png,data/train/mnist/4/36733.png,data/train/svhn/2/70438.png,6,4,2,0,1
465,93,0,0,0->2,data/train/mnist/2/17374.png,data/train/mnist/8/29665.png,data/train/svhn/7/64211.png,2,8,7,0,(0)
466,93,1,0,2->1,data/train/mnist/1/54254.png,data/train/mnist/6/29644.png,data/train/svhn/7/43890.png,1,6,7,1,0
467,93,2,0,1->1,data/train/mnist/0/2528.png,data/train/mnist/0/25629.png,data/train/svhn/0/67112.png,0,0,0,1,1
468,93,3,0,1->1,data/train/mnist/5/33013.png,data/train/mnist/0/31109.png,data/train/svhn/5/32756.png,5,0,5,1,1
469,93,4,0,1->1,data/train/mnist/0/42111.png,data/train/mnist/0/8093.png,data/train/svhn/0/7580.png,0,0,0,1,1
470,94,0,1,0->1,data/train/mnist/0/9287.png,data/train/mnist/5/523.png,data/train/svhn/5/42057.png,0,5,5,1,(0)
471,94,1,1,1->1,data/train/mnist/0/19308.png,data/train/mnist/0/11428.png,data/train/svhn/0/42806.png,0,0,0,1,1
472,94,2,1,1->1,data/train/mnist/5/1263.png,data/train/mnist/0/27089.png,data/train/svhn/5/45544.png,5,0,5,1,1
473,94,3,1,1->1,data/train/mnist/4/16875.png,data/train/mnist/0/54313.png,data/train/svhn/4/17428.png,4,0,4,1,1
474,94,4,1,1->2,data/train/mnist/6/50556.png,data/train/mnist/1/29840.png,data/train/svhn/5/36186.png,6,1,5,0,1
475,95,0,0,0->1,data/train/mnist/8/7908.png,data/train/mnist/0/37758.png,data/train/svhn/8/1658.png,8,0,8,1,(1)
476,95,1,0,1->1,data/train/mnist/5/48249.png,data/train/mnist/0/33442.png,data/train/svhn/5/73251.png,5,0,5,1,1
477,95,2,0,1->1,data/train/mnist/6/55841.png,data/train/mnist/0/4608.png,data/train/svhn/6/15871.png,6,0,6,1,1
478,95,3,0,1->2,data/train/mnist/1/21101.png,data/train/mnist/1/19304.png,data/train/svhn/0/70386.png,1,1,0,0,1
479,95,4,0,2->1,data/train/mnist/3/57495.png,data/train/mnist/5/19207.png,data/train/svhn/8/67590.png,3,5,8,1,0
480,96,0,1,0->2,data/train/mnist/0/16285.png,data/train/mnist/1/38522.png,data/train/svhn/7/6074.png,0,1,7,0,(0)
481,96,1,1,2->2,data/train/mnist/9/49371.png,data/train/mnist/8/2194.png,data/train/svhn/0/50920.png,9,8,0,0,0
482,96,2,1,2->2,data/train/mnist/1/22106.png,data/train/mnist/0/56140.png,data/train/svhn/0/66561.png,1,0,0,0,0
483,96,3,1,2->2,data/train/mnist/3/18252.png,data/train/mnist/0/7127.png,data/train/svhn/8/25718.png,3,0,8,0,0
484,96,4,1,2->2,data/train/mnist/3/23634.png,data/train/mnist/5/53067.png,data/train/svhn/5/38967.png,3,5,5,0,0
485,97,0,0,0->1,data/train/mnist/3/31349.png,data/train/mnist/5/23514.png,data/train/svhn/8/18777.png,3,5,8,1,(0)
486,97,1,0,1->1,data/train/mnist/2/16952.png,data/train/mnist/0/27427.png,data/train/svhn/2/32574.png,2,0,2,1,1
487,97,2,0,1->2,data/train/mnist/5/20120.png,data/train/mnist/4/51820.png,data/train/svhn/1/37995.png,5,4,1,0,1
488,97,3,0,2->2,data/train/mnist/7/24171.png,data/train/mnist/0/53118.png,data/train/svhn/3/67491.png,7,0,3,0,0
489,97,4,0,2->1,data/train/mnist/3/15010.png,data/train/mnist/4/56539.png,data/train/svhn/7/21852.png,3,4,7,1,0
490,98,0,0,0->1,data/train/mnist/0/2952.png,data/train/mnist/2/15573.png,data/train/svhn/2/29528.png,0,2,2,1,(0)
491,98,1,0,1->1,data/train/mnist/7/53699.png,data/train/mnist/0/47156.png,data/train/svhn/7/34915.png,7,0,7,1,1
492,98,2,0,1->1,data/train/mnist/7/20866.png,data/train/mnist/0/30496.png,data/train/svhn/7/37929.png,7,0,7,1,1
493,98,3,0,1->1,data/train/mnist/6/55943.png,data/train/mnist/0/9215.png,data/train/svhn/6/30617.png,6,0,6,1,1
494,98,4,0,1->1,data/train/mnist/2/55862.png,data/train/mnist/0/39701.png,data/train/svhn/2/20432.png,2,0,2,1,1
495,99,0,1,0->1,data/train/mnist/7/1652.png,data/train/mnist/0/38355.png,data/train/svhn/7/21955.png,7,0,7,1,(1)
496,99,1,1,1->2,data/train/mnist/8/33039.png,data/train/mnist/6/302.png,data/train/svhn/2/59623.png,8,6,2,0,1
497,99,2,1,2->2,data/train/mnist/1/28378.png,data/train/mnist/4/20851.png,data/train/svhn/6/74.png,1,4,6,0,0
498,99,3,1,2->2,data/train/mnist/9/7069.png,data/train/mnist/5/42555.png,data/train/svhn/2/66679.png,9,5,2,0,0
499,99,4,1,2->2,data/train/mnist/7/7210.png,data/train/mnist/6/45846.png,data/train/svhn/4/14221.png,7,6,4,0,0
500,100,0,0,0->2,data/train/mnist/8/44206.png,data/train/mnist/8/58273.png,data/train/svhn/5/60445.png,8,8,5,0,(0)
501,100,1,0,2->2,data/train/mnist/2/3381.png,data/train/mnist/6/27685.png,data/train/svhn/0/24577.png,2,6,0,0,0
502,100,2,0,2->1,data/train/mnist/5/52737.png,data/train/mnist/3/28499.png,data/train/svhn/8/52283.png,5,3,8,1,0
503,100,3,0,1->2,data/train/mnist/6/48032.png,data/train/mnist/3/35407.png,data/train/svhn/3/26847.png,6,3,3,0,1
504,100,4,0,2->1,data/train/mnist/1/14169.png,data/train/mnist/6/36232.png,data/train/svhn/7/3134.png,1,6,7,1,0
505,101,0,1,0->2,data/train/mnist/2/43513.png,data/train/mnist/7/24221.png,data/train/svhn/5/20830.png,2,7,5,0,(0)
506,101,1,1,2->1,data/train/mnist/7/7388.png,data/train/mnist/2/16902.png,data/train/svhn/9/1904.png,7,2,9,1,0
507,101,2,1,1->2,data/train/mnist/4/52682.png,data/train/mnist/3/10674.png,data/train/svhn/1/26061.png,4,3,1,0,1
508,101,3,1,2->1,data/train/mnist/1/40879.png,data/train/mnist/5/3752.png,data/train/svhn/6/40880.png,1,5,6,1,0
509,101,4,1,1->2,data/train/mnist/8/41464.png,data/train/mnist/4/7551.png,data/train/svhn/4/43438.png,8,4,4,0,1
510,102,0,0,0->1,data/train/mnist/7/37898.png,data/train/mnist/1/27759.png,data/train/svhn/8/65261.png,7,1,8,1,(0)
511,102,1,0,1->1,data/train/mnist/3/3435.png,data/train/mnist/0/51375.png,data/train/svhn/3/17582.png,3,0,3,1,1
512,102,2,0,1->2,data/train/mnist/5/27403.png,data/train/mnist/4/29600.png,data/train/svhn/1/20459.png,5,4,1,0,1
513,102,3,0,2->1,data/train/mnist/2/38793.png,data/train/mnist/3/29785.png,data/train/svhn/5/69513.png,2,3,5,1,0
514,102,4,0,1->1,data/train/mnist/3/19425.png,data/train/mnist/0/57686.png,data/train/svhn/3/16339.png,3,0,3,1,1
515,103,0,1,0->2,data/train/mnist/7/38688.png,data/train/mnist/8/59729.png,data/train/svhn/1/43499.png,7,8,1,0,(0)
516,103,1,1,2->2,data/train/mnist/8/21851.png,data/train/mnist/2/28525.png,data/train/svhn/1/63417.png,8,2,1,0,0
517,103,2,1,2->2,data/train/mnist/6/32345.png,data/train/mnist/8/56447.png,data/train/svhn/4/4576.png,6,8,4,0,0
518,103,3,1,2->2,data/train/mnist/8/18305.png,data/train/mnist/7/41313.png,data/train/svhn/4/40248.png,8,7,4,0,0
519,103,4,1,2->2,data/train/mnist/0/54104.png,data/train/mnist/5/25025.png,data/train/svhn/7/64209.png,0,5,7,0,0
520,104,0,0,0->2,data/train/mnist/9/8518.png,data/train/mnist/6/26576.png,data/train/svhn/2/36000.png,9,6,2,0,(0)
521,104,1,0,2->1,data/train/mnist/4/3946.png,data/train/mnist/5/9646.png,data/train/svhn/9/11536.png,4,5,9,1,0
522,104,2,0,1->1,data/train/mnist/0/19189.png,data/train/mnist/0/49306.png,data/train/svhn/0/11438.png,0,0,0,1,1
523,104,3,0,1->2,data/train/mnist/7/1300.png,data/train/mnist/5/39473.png,data/train/svhn/2/3322.png,7,5,2,0,1
524,104,4,0,2->1,data/train/mnist/5/53356.png,data/train/mnist/3/6118.png,data/train/svhn/8/63758.png,5,3,8,1,0
525,105,0,1,0->2,data/train/mnist/3/21458.png,data/train/mnist/7/46031.png,data/train/svhn/1/23178.png,3,7,1,0,(0)
526,105,1,1,2->1,data/train/mnist/3/43783.png,data/train/mnist/1/34162.png,data/train/svhn/4/65427.png,3,1,4,1,0
527,105,2,1,1->2,data/train/mnist/7/3692.png,data/train/mnist/5/7902.png,data/train/svhn/2/48154.png,7,5,2,0,1
528,105,3,1,2->1,data/train/mnist/0/48142.png,data/train/mnist/7/13311.png,data/train/svhn/7/60905.png,0,7,7,1,0
529,105,4,1,1->2,data/train/mnist/7/52992.png,data/train/mnist/3/58892.png,data/train/svhn/4/25765.png,7,3,4,0,1
530,106,0,0,0->1,data/train/mnist/6/15370.png,data/train/mnist/0/41077.png,data/train/svhn/6/42655.png,6,0,6,1,(1)
531,106,1,0,1->2,data/train/mnist/9/32618.png,data/train/mnist/7/6130.png,data/train/svhn/2/56667.png,9,7,2,0,1
532,106,2,0,2->2,data/train/mnist/0/15711.png,data/train/mnist/0/28818.png,data/train/svhn/1/13868.png,0,0,1,0,0
533,106,3,0,2->1,data/train/mnist/0/4688.png,data/train/mnist/5/26331.png,data/train/svhn/5/40902.png,0,5,5,1,0
534,106,4,0,1->1,data/train/mnist/0/13808.png,data/train/mnist/0/8304.png,data/train/svhn/0/22161.png,0,0,0,1,1
535,107,0,1,0->2,data/train/mnist/3/52904.png,data/train/mnist/2/39323.png,data/train/svhn/0/5989.png,3,2,0,0,(0)
536,107,1,1,2->1,data/train/mnist/1/12221.png,data/train/mnist/4/5899.png,data/train/svhn/5/39592.png,1,4,5,1,0
537,107,2,1,1->1,data/train/mnist/6/24380.png,data/train/mnist/0/55045.png,data/train/svhn/6/52938.png,6,0,6,1,1
538,107,3,1,1->1,data/train/mnist/3/23657.png,data/train/mnist/0/18926.png,data/train/svhn/3/33317.png,3,0,3,1,1
539,107,4,1,1->2,data/train/mnist/9/6717.png,data/train/mnist/1/58965.png,data/train/svhn/8/56812.png,9,1,8,0,1
540,108,0,1,0->2,data/train/mnist/9/27295.png,data/train/mnist/4/9714.png,data/train/svhn/1/32718.png,9,4,1,0,(0)
541,108,1,1,2->1,data/train/mnist/8/14626.png,data/train/mnist/1/43444.png,data/train/svhn/9/50582.png,8,1,9,1,0
542,108,2,1,1->1,data/train/mnist/2/28126.png,data/train/mnist/0/25137.png,data/train/svhn/2/56248.png,2,0,2,1,1
543,108,3,1,1->2,data/train/mnist/7/2055.png,data/train/mnist/1/35289.png,data/train/svhn/6/16155.png,7,1,6,0,1
544,108,4,1,2->2,data/train/mnist/7/16962.png,data/train/mnist/1/35048.png,data/train/svhn/2/55952.png,7,1,2,0,0
545,109,0,0,0->2,data/train/mnist/5/20935.png,data/train/mnist/5/25025.png,data/train/svhn/4/54982.png,5,5,4,0,(0)
546,109,1,0,2->2,data/train/mnist/5/40567.png,data/train/mnist/3/36427.png,data/train/svhn/4/70461.png,5,3,4,0,0
547,109,2,0,2->1,data/train/mnist/6/28870.png,data/train/mnist/1/26539.png,data/train/svhn/7/22150.png,6,1,7,1,0
548,109,3,0,1->2,data/train/mnist/7/1106.png,data/train/mnist/4/44937.png,data/train/svhn/3/55583.png,7,4,3,0,1
549,109,4,0,2->1,data/train/mnist/5/50138.png,data/train/mnist/3/33029.png,data/train/svhn/8/28345.png,5,3,8,1,0
550,110,0,1,0->2,data/train/mnist/4/44052.png,data/train/mnist/9/47125.png,data/train/svhn/4/37507.png,4,9,4,0,(0)
551,110,1,1,2->2,data/train/mnist/9/51713.png,data/train/mnist/5/34438.png,data/train/svhn/1/63150.png,9,5,1,0,0
552,110,2,1,2->2,data/train/mnist/3/7209.png,data/train/mnist/1/12154.png,data/train/svhn/0/6846.png,3,1,0,0,0
553,110,3,1,2->1,data/train/mnist/1/18384.png,data/train/mnist/2/21630.png,data/train/svhn/3/11157.png,1,2,3,1,0
554,110,4,1,1->2,data/train/mnist/6/53416.png,data/train/mnist/2/8905.png,data/train/svhn/4/10747.png,6,2,4,0,1
555,111,0,0,0->2,data/train/mnist/1/57960.png,data/train/mnist/1/54269.png,data/train/svhn/9/4508.png,1,1,9,0,(0)
556,111,1,0,2->2,data/train/mnist/8/20408.png,data/train/mnist/9/25905.png,data/train/svhn/7/41742.png,8,9,7,0,0
557,111,2,0,2->2,data/train/mnist/3/47881.png,data/train/mnist/3/22695.png,data/train/svhn/5/58032.png,3,3,5,0,0
558,111,3,0,2->1,data/train/mnist/2/55933.png,data/train/mnist/5/55643.png,data/train/svhn/7/45176.png,2,5,7,1,0
559,111,4,0,1->1,data/train/mnist/6/57943.png,data/train/mnist/0/19240.png,data/train/svhn/6/22692.png,6,0,6,1,1
560,112,0,0,0->1,data/train/mnist/5/35628.png,data/train/mnist/3/57739.png,data/train/svhn/8/743.png,5,3,8,1,(0)
561,112,1,0,1->1,data/train/mnist/6/24616.png,data/train/mnist/0/40418.png,data/train/svhn/6/70281.png,6,0,6,1,1
562,112,2,0,1->2,data/train/mnist/8/7539.png,data/train/mnist/3/21812.png,data/train/svhn/5/69068.png,8,3,5,0,1
563,112,3,0,2->2,data/train/mnist/9/20202.png,data/train/mnist/0/35778.png,data/train/svhn/7/32951.png,9,0,7,0,0
564,112,4,0,2->1,data/train/mnist/5/43233.png,data/train/mnist/1/15439.png,data/train/svhn/6/13908.png,5,1,6,1,0
565,113,0,1,0->2,data/train/mnist/3/52041.png,data/train/mnist/9/31364.png,data/train/svhn/6/12043.png,3,9,6,0,(0)
566,113,1,1,2->2,data/train/mnist/5/53410.png,data/train/mnist/4/53450.png,data/train/svhn/5/58048.png,5,4,5,0,0
567,113,2,1,2->2,data/train/mnist/7/50371.png,data/train/mnist/9/22959.png,data/train/svhn/6/9655.png,7,9,6,0,0
568,113,3,1,2->1,data/train/mnist/2/6414.png,data/train/mnist/4/32094.png,data/train/svhn/6/54047.png,2,4,6,1,0
569,113,4,1,1->2,data/train/mnist/9/14058.png,data/train/mnist/8/35939.png,data/train/svhn/1/50283.png,9,8,1,0,1
570,114,0,1,0->1,data/train/mnist/1/57272.png,data/train/mnist/6/8282.png,data/train/svhn/7/49359.png,1,6,7,1,(0)
571,114,1,1,1->2,data/train/mnist/8/19317.png,data/train/mnist/4/51199.png,data/train/svhn/4/45029.png,8,4,4,0,1
572,114,2,1,2->2,data/train/mnist/0/28160.png,data/train/mnist/2/53388.png,data/train/svhn/4/35301.png,0,2,4,0,0
573,114,3,1,2->1,data/train/mnist/0/52021.png,data/train/mnist/4/18592.png,data/train/svhn/4/25255.png,0,4,4,1,0
574,114,4,1,1->2,data/train/mnist/7/16721.png,data/train/mnist/1/1181.png,data/train/svhn/6/18155.png,7,1,6,0,1
575,115,0,0,0->2,data/train/mnist/1/46445.png,data/train/mnist/6/43281.png,data/train/svhn/3/70351.png,1,6,3,0,(0)
576,115,1,0,2->1,data/train/mnist/4/21792.png,data/train/mnist/5/10536.png,data/train/svhn/9/3200.png,4,5,9,1,0
577,115,2,0,1->1,data/train/mnist/8/42226.png,data/train/mnist/0/10071.png,data/train/svhn/8/341.png,8,0,8,1,1
578,115,3,0,1->1,data/train/mnist/5/33866.png,data/train/mnist/0/44518.png,data/train/svhn/5/21747.png,5,0,5,1,1
579,115,4,0,1->1,data/train/mnist/1/50493.png,data/train/mnist/0/25714.png,data/train/svhn/1/10347.png,1,0,1,1,1
580,116,0,0,0->2,data/train/mnist/1/46718.png,data/train/mnist/9/20130.png,data/train/svhn/5/30847.png,1,9,5,0,(0)
581,116,1,0,2->1,data/train/mnist/1/3113.png,data/train/mnist/6/19298.png,data/train/svhn/7/24238.png,1,6,7,1,0
582,116,2,0,1->1,data/train/mnist/7/24025.png,data/train/mnist/0/5747.png,data/train/svhn/7/50293.png,7,0,7,1,1
583,116,3,0,1->2,data/train/mnist/6/57012.png,data/train/mnist/6/11189.png,data/train/svhn/0/22873.png,6,6,0,0,1
584,116,4,0,2->1,data/train/mnist/0/3049.png,data/train/mnist/1/5966.png,data/train/svhn/1/54625.png,0,1,1,1,0
585,117,0,1,0->2,data/train/mnist/8/29702.png,data/train/mnist/9/47355.png,data/train/svhn/2/33007.png,8,9,2,0,(0)
586,117,1,1,2->1,data/train/mnist/1/34796.png,data/train/mnist/7/36334.png,data/train/svhn/8/69656.png,1,7,8,1,0
587,117,2,1,1->1,data/train/mnist/7/38920.png,data/train/mnist/0/57586.png,data/train/svhn/7/43536.png,7,0,7,1,1
588,117,3,1,1->2,data/train/mnist/9/2579.png,data/train/mnist/3/53757.png,data/train/svhn/6/23783.png,9,3,6,0,1
589,117,4,1,2->2,data/train/mnist/9/51472.png,data/train/mnist/0/44599.png,data/train/svhn/0/67256.png,9,0,0,0,0
590,118,0,0,0->1,data/train/mnist/0/21372.png,data/train/mnist/0/45837.png,data/train/svhn/0/41617.png,0,0,0,1,(1)
591,118,1,0,1->1,data/train/mnist/8/40381.png,data/train/mnist/0/54685.png,data/train/svhn/8/7231.png,8,0,8,1,1
592,118,2,0,1->2,data/train/mnist/5/23690.png,data/train/mnist/1/52042.png,data/train/svhn/4/34744.png,5,1,4,0,1
593,118,3,0,2->1,data/train/mnist/3/6711.png,data/train/mnist/4/44831.png,data/train/svhn/7/57955.png,3,4,7,1,0
594,118,4,0,1->1,data/train/mnist/3/38089.png,data/train/mnist/0/17585.png,data/train/svhn/3/69815.png,3,0,3,1,1
595,119,0,1,0->1,data/train/mnist/3/43599.png,data/train/mnist/1/56048.png,data/train/svhn/4/35619.png,3,1,4,1,(0)
596,119,1,1,1->2,data/train/mnist/9/16034.png,data/train/mnist/4/17313.png,data/train/svhn/5/24844.png,9,4,5,0,1
597,119,2,1,2->1,data/train/mnist/0/25803.png,data/train/mnist/9/6679.png,data/train/svhn/9/15275.png,0,9,9,1,0
598,119,3,1,1->1,data/train/mnist/3/16171.png,data/train/mnist/0/48167.png,data/train/svhn/3/54929.png,3,0,3,1,1
599,119,4,1,1->2,data/train/mnist/7/27716.png,data/train/mnist/6/20353.png,data/train/svhn/1/69261.png,7,6,1,0,1
600,120,0,0,0->1,data/train/mnist/5/9589.png,data/train/mnist/0/27326.png,data/train/svhn/5/33945.png,5,0,5,1,(1)
601,120,1,0,1->2,data/train/mnist/5/18573.png,data/train/mnist/4/7319.png,data/train/svhn/1/45055.png,5,4,1,0,1
602,120,2,0,2->2,data/train/mnist/6/4930.png,data/train/mnist/4/1663.png,data/train/svhn/6/55476.png,6,4,6,0,0
603,120,3,0,2->2,data/train/mnist/7/57282.png,data/train/mnist/9/4901.png,data/train/svhn/1/33962.png,7,9,1,0,0
604,120,4,0,2->1,data/train/mnist/6/41039.png,data/train/mnist/3/37271.png,data/train/svhn/9/9466.png,6,3,9,1,0
605,121,0,1,0->1,data/train/mnist/2/48986.png,data/train/mnist/7/45594.png,data/train/svhn/9/51934.png,2,7,9,1,(0)
606,121,1,1,1->1,data/train/mnist/1/25274.png,data/train/mnist/0/12313.png,data/train/svhn/1/57157.png,1,0,1,1,1
607,121,2,1,1->2,data/train/mnist/9/29975.png,data/train/mnist/9/45449.png,data/train/svhn/0/67374.png,9,9,0,0,1
608,121,3,1,2->2,data/train/mnist/5/43206.png,data/train/mnist/7/23621.png,data/train/svhn/2/7151.png,5,7,2,0,0
609,121,4,1,2->2,data/train/mnist/1/1118.png,data/train/mnist/3/25955.png,data/train/svhn/5/31549.png,1,3,5,0,0
610,122,0,0,0->2,data/train/mnist/8/25464.png,data/train/mnist/4/55585.png,data/train/svhn/3/21264.png,8,4,3,0,(0)
611,122,1,0,2->2,data/train/mnist/2/22397.png,data/train/mnist/9/52576.png,data/train/svhn/7/47975.png,2,9,7,0,0
612,122,2,0,2->1,data/train/mnist/0/3396.png,data/train/mnist/5/44293.png,data/train/svhn/5/71383.png,0,5,5,1,0
613,122,3,0,1->1,data/train/mnist/8/35025.png,data/train/mnist/0/2899.png,data/train/svhn/8/20083.png,8,0,8,1,1
614,122,4,0,1->1,data/train/mnist/2/3965.png,data/train/mnist/0/23395.png,data/train/svhn/2/31746.png,2,0,2,1,1
615,123,0,1,0->2,data/train/mnist/8/14170.png,data/train/mnist/7/11573.png,data/train/svhn/3/19806.png,8,7,3,0,(0)
616,123,1,1,2->2,data/train/mnist/3/59569.png,data/train/mnist/2/20568.png,data/train/svhn/8/71637.png,3,2,8,0,0
617,123,2,1,2->2,data/train/mnist/4/43481.png,data/train/mnist/8/50900.png,data/train/svhn/0/347.png,4,8,0,0,0
618,123,3,1,2->2,data/train/mnist/3/31579.png,data/train/mnist/5/25891.png,data/train/svhn/4/55633.png,3,5,4,0,0
619,123,4,1,2->2,data/train/mnist/1/59781.png,data/train/mnist/7/6053.png,data/train/svhn/3/54805.png,1,7,3,0,0
620,124,0,0,0->1,data/train/mnist/2/22807.png,data/train/mnist/0/49306.png,data/train/svhn/2/63706.png,2,0,2,1,(1)
621,124,1,0,1->2,data/train/mnist/6/40849.png,data/train/mnist/3/46354.png,data/train/svhn/3/72710.png,6,3,3,0,1
622,124,2,0,2->2,data/train/mnist/3/4246.png,data/train/mnist/8/25379.png,data/train/svhn/4/2534.png,3,8,4,0,0
623,124,3,0,2->2,data/train/mnist/8/39450.png,data/train/mnist/2/1531.png,data/train/svhn/4/66603.png,8,2,4,0,0
624,124,4,0,2->1,data/train/mnist/3/4276.png,data/train/mnist/3/5974.png,data/train/svhn/6/25655.png,3,3,6,1,0
625,125,0,1,0->2,data/train/mnist/1/21272.png,data/train/mnist/7/13815.png,data/train/svhn/5/51319.png,1,7,5,0,(0)
626,125,1,1,2->1,data/train/mnist/4/19217.png,data/train/mnist/5/6451.png,data/train/svhn/9/55901.png,4,5,9,1,0
627,125,2,1,1->2,data/train/mnist/4/32518.png,data/train/mnist/1/5862.png,data/train/svhn/3/6171.png,4,1,3,0,1
628,125,3,1,2->1,data/train/mnist/3/40078.png,data/train/mnist/3/17318.png,data/train/svhn/6/73069.png,3,3,6,1,0
629,125,4,1,1->2,data/train/mnist/6/39577.png,data/train/mnist/6/17164.png,data/train/svhn/0/20079.png,6,6,0,0,1
630,126,0,1,0->1,data/train/mnist/7/52899.png,data/train/mnist/2/10106.png,data/train/svhn/9/47414.png,7,2,9,1,(0)
631,126,1,1,1->2,data/train/mnist/4/51255.png,data/train/mnist/2/55220.png,data/train/svhn/2/54092.png,4,2,2,0,1
632,126,2,1,2->2,data/train/mnist/0/24393.png,data/train/mnist/4/46564.png,data/train/svhn/8/52612.png,0,4,8,0,0
633,126,3,1,2->1,data/train/mnist/2/30076.png,data/train/mnist/3/57472.png,data/train/svhn/5/59846.png,2,3,5,1,0
634,126,4,1,1->2,data/train/mnist/4/18607.png,data/train/mnist/2/47767.png,data/train/svhn/2/32241.png,4,2,2,0,1
635,127,0,0,0->2,data/train/mnist/4/57354.png,data/train/mnist/9/772.png,data/train/svhn/8/37161.png,4,9,8,0,(0)
636,127,1,0,2->1,data/train/mnist/0/45115.png,data/train/mnist/5/49273.png,data/train/svhn/5/25698.png,0,5,5,1,0
637,127,2,0,1->2,data/train/mnist/6/26576.png,data/train/mnist/4/22580.png,data/train/svhn/2/33829.png,6,4,2,0,1
638,127,3,0,2->2,data/train/mnist/0/4918.png,data/train/mnist/8/49947.png,data/train/svhn/5/5119.png,0,8,5,0,0
639,127,4,0,2->1,data/train/mnist/4/57690.png,data/train/mnist/5/19607.png,data/train/svhn/9/63943.png,4,5,9,1,0
640,128,0,0,0->2,data/train/mnist/0/33214.png,data/train/mnist/6/33010.png,data/train/svhn/4/3112.png,0,6,4,0,(0)
641,128,1,0,2->1,data/train/mnist/4/34953.png,data/train/mnist/3/49981.png,data/train/svhn/7/16539.png,4,3,7,1,0
642,128,2,0,1->1,data/train/mnist/7/51532.png,data/train/mnist/0/14282.png,data/train/svhn/7/17925.png,7,0,7,1,1
643,128,3,0,1->1,data/train/mnist/6/14421.png,data/train/mnist/0/10120.png,data/train/svhn/6/29743.png,6,0,6,1,1
644,128,4,0,1->1,data/train/mnist/3/24787.png,data/train/mnist/0/28971.png,data/train/svhn/3/53852.png,3,0,3,1,1
645,129,0,1,0->2,data/train/mnist/3/41843.png,data/train/mnist/8/35751.png,data/train/svhn/9/1534.png,3,8,9,0,(0)
646,129,1,1,2->1,data/train/mnist/6/18576.png,data/train/mnist/3/32764.png,data/train/svhn/9/63373.png,6,3,9,1,0
647,129,2,1,1->1,data/train/mnist/2/7933.png,data/train/mnist/0/30565.png,data/train/svhn/2/32309.png,2,0,2,1,1
648,129,3,1,1->1,data/train/mnist/8/25859.png,data/train/mnist/0/14717.png,data/train/svhn/8/36611.png,8,0,8,1,1
649,129,4,1,1->2,data/train/mnist/6/36703.png,data/train/mnist/1/37635.png,data/train/svhn/5/38945.png,6,1,5,0,1
650,130,0,0,0->1,data/train/mnist/1/22916.png,data/train/mnist/7/24692.png,data/train/svhn/8/39459.png,1,7,8,1,(0)
651,130,1,0,1->1,data/train/mnist/1/2040.png,data/train/mnist/0/57586.png,data/train/svhn/1/69810.png,1,0,1,1,1
652,130,2,0,1->2,data/train/mnist/4/22331.png,data/train/mnist/1/53849.png,data/train/svhn/3/21711.png,4,1,3,0,1
653,130,3,0,2->2,data/train/mnist/2/45073.png,data/train/mnist/7/11085.png,data/train/svhn/5/28665.png,2,7,5,0,0
654,130,4,0,2->1,data/train/mnist/2/24752.png,data/train/mnist/5/1311.png,data/train/svhn/7/60420.png,2,5,7,1,0
655,131,0,1,0->1,data/train/mnist/0/5627.png,data/train/mnist/4/25438.png,data/train/svhn/4/61078.png,0,4,4,1,(0)
656,131,1,1,1->1,data/train/mnist/4/30573.png,data/train/mnist/0/36223.png,data/train/svhn/4/33259.png,4,0,4,1,1
657,131,2,1,1->2,data/train/mnist/9/57786.png,data/train/mnist/9/56464.png,data/train/svhn/0/60503.png,9,9,0,0,1
658,131,3,1,2->2,data/train/mnist/4/32719.png,data/train/mnist/5/37597.png,data/train/svhn/3/60410.png,4,5,3,0,0
659,131,4,1,2->2,data/train/mnist/9/12900.png,data/train/mnist/5/751.png,data/train/svhn/0/34768.png,9,5,0,0,0
660,132,0,0,0->2,data/train/mnist/0/55484.png,data/train/mnist/0/57769.png,data/train/svhn/9/68903.png,0,0,9,0,(0)
661,132,1,0,2->2,data/train/mnist/8/26122.png,data/train/mnist/0/32858.png,data/train/svhn/0/23762.png,8,0,0,0,0
662,132,2,0,2->1,data/train/mnist/1/18259.png,data/train/mnist/3/37468.png,data/train/svhn/4/31341.png,1,3,4,1,0
663,132,3,0,1->1,data/train/mnist/1/49723.png,data/train/mnist/0/30891.png,data/train/svhn/1/30999.png,1,0,1,1,1
664,132,4,0,1->1,data/train/mnist/8/1641.png,data/train/mnist/0/4756.png,data/train/svhn/8/36543.png,8,0,8,1,1
665,133,0,1,0->1,data/train/mnist/5/20668.png,data/train/mnist/3/29504.png,data/train/svhn/8/67649.png,5,3,8,1,(0)
666,133,1,1,1->2,data/train/mnist/5/30371.png,data/train/mnist/4/58289.png,data/train/svhn/1/38761.png,5,4,1,0,1
667,133,2,1,2->2,data/train/mnist/0/53404.png,data/train/mnist/1/30225.png,data/train/svhn/0/14406.png,0,1,0,0,0
668,133,3,1,2->1,data/train/mnist/5/21210.png,data/train/mnist/3/45195.png,data/train/svhn/8/5791.png,5,3,8,1,0
669,133,4,1,1->2,data/train/mnist/9/47933.png,data/train/mnist/3/48981.png,data/train/svhn/6/1234.png,9,3,6,0,1
670,134,0,0,0->1,data/train/mnist/0/59901.png,data/train/mnist/6/1792.png,data/train/svhn/6/35900.png,0,6,6,1,(0)
671,134,1,0,1->1,data/train/mnist/2/59290.png,data/train/mnist/0/25366.png,data/train/svhn/2/48877.png,2,0,2,1,1
672,134,2,0,1->2,data/train/mnist/6/17652.png,data/train/mnist/4/7343.png,data/train/svhn/2/27838.png,6,4,2,0,1
673,134,3,0,2->2,data/train/mnist/7/19270.png,data/train/mnist/4/22697.png,data/train/svhn/4/55749.png,7,4,4,0,0
674,134,4,0,2->1,data/train/mnist/2/10327.png,data/train/mnist/3/49207.png,data/train/svhn/5/13890.png,2,3,5,1,0
675,135,0,1,0->1,data/train/mnist/1/50577.png,data/train/mnist/5/45482.png,data/train/svhn/6/34711.png,1,5,6,1,(0)
676,135,1,1,1->2,data/train/mnist/9/14358.png,data/train/mnist/1/25003.png,data/train/svhn/8/11756.png,9,1,8,0,1
677,135,2,1,2->1,data/train/mnist/1/46445.png,data/train/mnist/4/47823.png,data/train/svhn/5/51263.png,1,4,5,1,0
678,135,3,1,1->2,data/train/mnist/4/19414.png,data/train/mnist/4/47532.png,data/train/svhn/0/68472.png,4,4,0,0,1
679,135,4,1,2->2,data/train/mnist/8/32968.png,data/train/mnist/4/47927.png,data/train/svhn/1/68669.png,8,4,1,0,0
680,136,0,0,0->2,data/train/mnist/1/55939.png,data/train/mnist/6/44460.png,data/train/svhn/0/3926.png,1,6,0,0,(0)
681,136,1,0,2->1,data/train/mnist/1/41104.png,data/train/mnist/6/47562.png,data/train/svhn/7/44359.png,1,6,7,1,0
682,136,2,0,1->2,data/train/mnist/7/14387.png,data/train/mnist/4/2773.png,data/train/svhn/3/9117.png,7,4,3,0,1
683,136,3,0,2->1,data/train/mnist/0/52508.png,data/train/mnist/7/11180.png,data/train/svhn/7/31430.png,0,7,7,1,0
684,136,4,0,1->1,data/train/mnist/6/25893.png,data/train/mnist/0/25159.png,data/train/svhn/6/29118.png,6,0,6,1,1
685,137,0,1,0->1,data/train/mnist/2/48748.png,data/train/mnist/4/15981.png,data/train/svhn/6/54635.png,2,4,6,1,(0)
686,137,1,1,1->2,data/train/mnist/9/34332.png,data/train/mnist/3/11232.png,data/train/svhn/6/38547.png,9,3,6,0,1
687,137,2,1,2->1,data/train/mnist/0/50485.png,data/train/mnist/1/38718.png,data/train/svhn/1/17219.png,0,1,1,1,0
688,137,3,1,1->1,data/train/mnist/4/20059.png,data/train/mnist/0/40284.png,data/train/svhn/4/38230.png,4,0,4,1,1
689,137,4,1,1->2,data/train/mnist/6/58304.png,data/train/mnist/2/35802.png,data/train/svhn/4/33173.png,6,2,4,0,1
690,138,0,0,0->1,data/train/mnist/3/17781.png,data/train/mnist/6/2662.png,data/train/svhn/9/19313.png,3,6,9,1,(0)
691,138,1,0,1->1,data/train/mnist/9/12440.png,data/train/mnist/0/45455.png,data/train/svhn/9/18268.png,9,0,9,1,1
692,138,2,0,1->2,data/train/mnist/3/48551.png,data/train/mnist/2/42717.png,data/train/svhn/1/56346.png,3,2,1,0,1
693,138,3,0,2->2,data/train/mnist/1/31323.png,data/train/mnist/7/33797.png,data/train/svhn/1/50614.png,1,7,1,0,0
694,138,4,0,2->1,data/train/mnist/1/9884.png,data/train/mnist/7/37193.png,data/train/svhn/8/51700.png,1,7,8,1,0
695,139,0,1,0->1,data/train/mnist/2/57649.png,data/train/mnist/7/54099.png,data/train/svhn/9/28438.png,2,7,9,1,(0)
696,139,1,1,1->1,data/train/mnist/7/25727.png,data/train/mnist/0/19072.png,data/train/svhn/7/56579.png,7,0,7,1,1
697,139,2,1,1->2,data/train/mnist/3/30062.png,data/train/mnist/2/48320.png,data/train/svhn/1/2176.png,3,2,1,0,1
698,139,3,1,2->2,data/train/mnist/7/8990.png,data/train/mnist/9/54244.png,data/train/svhn/8/60205.png,7,9,8,0,0
699,139,4,1,2->2,data/train/mnist/3/789.png,data/train/mnist/2/36781.png,data/train/svhn/4/41807.png,3,2,4,0,0
700,140,0,0,0->1,data/train/mnist/3/23820.png,data/train/mnist/0/47812.png,data/train/svhn/3/559.png,3,0,3,1,(1)
701,140,1,0,1->2,data/train/mnist/9/44537.png,data/train/mnist/3/2883.png,data/train/svhn/6/28870.png,9,3,6,0,1
702,140,2,0,2->1,data/train/mnist/4/4703.png,data/train/mnist/3/55914.png,data/train/svhn/7/60543.png,4,3,7,1,0
703,140,3,0,1->1,data/train/mnist/5/16295.png,data/train/mnist/0/19308.png,data/train/svhn/5/71411.png,5,0,5,1,1
704,140,4,0,1->1,data/train/mnist/3/33758.png,data/train/mnist/0/5502.png,data/train/svhn/3/9387.png,3,0,3,1,1
705,141,0,1,0->2,data/train/mnist/4/4513.png,data/train/mnist/4/27948.png,data/train/svhn/9/54645.png,4,4,9,0,(0)
706,141,1,1,2->1,data/train/mnist/0/31943.png,data/train/mnist/2/46343.png,data/train/svhn/2/12791.png,0,2,2,1,0
707,141,2,1,1->2,data/train/mnist/7/36302.png,data/train/mnist/4/380.png,data/train/svhn/3/72042.png,7,4,3,0,1
708,141,3,1,2->2,data/train/mnist/1/3926.png,data/train/mnist/4/8840.png,data/train/svhn/3/56680.png,1,4,3,0,0
709,141,4,1,2->2,data/train/mnist/9/29301.png,data/train/mnist/4/29946.png,data/train/svhn/3/25097.png,9,4,3,0,0
710,142,0,0,0->2,data/train/mnist/7/50743.png,data/train/mnist/1/8664.png,data/train/svhn/1/59626.png,7,1,1,0,(0)
711,142,1,0,2->2,data/train/mnist/3/37718.png,data/train/mnist/2/39918.png,data/train/svhn/0/47098.png,3,2,0,0,0
712,142,2,0,2->2,data/train/mnist/9/58852.png,data/train/mnist/7/1412.png,data/train/svhn/7/48585.png,9,7,7,0,0
713,142,3,0,2->1,data/train/mnist/5/29066.png,data/train/mnist/1/12671.png,data/train/svhn/6/23298.png,5,1,6,1,0
714,142,4,0,1->1,data/train/mnist/3/19579.png,data/train/mnist/0/2615.png,data/train/svhn/3/33869.png,3,0,3,1,1
715,143,0,1,0->2,data/train/mnist/4/36342.png,data/train/mnist/9/47540.png,data/train/svhn/1/18169.png,4,9,1,0,(0)
716,143,1,1,2->1,data/train/mnist/0/20625.png,data/train/mnist/4/15784.png,data/train/svhn/4/4893.png,0,4,4,1,0
717,143,2,1,1->1,data/train/mnist/2/50096.png,data/train/mnist/0/16415.png,data/train/svhn/2/69071.png,2,0,2,1,1
718,143,3,1,1->1,data/train/mnist/9/55296.png,data/train/mnist/0/41443.png,data/train/svhn/9/3088.png,9,0,9,1,1
719,143,4,1,1->2,data/train/mnist/8/30635.png,data/train/mnist/3/27625.png,data/train/svhn/5/50922.png,8,3,5,0,1
720,144,0,1,0->1,data/train/mnist/5/22264.png,data/train/mnist/0/24105.png,data/train/svhn/5/53402.png,5,0,5,1,(1)
721,144,1,1,1->1,data/train/mnist/9/2804.png,data/train/mnist/0/40091.png,data/train/svhn/9/32171.png,9,0,9,1,1
722,144,2,1,1->2,data/train/mnist/9/31653.png,data/train/mnist/2/55862.png,data/train/svhn/7/6506.png,9,2,7,0,1
723,144,3,1,2->1,data/train/mnist/5/28455.png,data/train/mnist/2/31373.png,data/train/svhn/7/62335.png,5,2,7,1,0
724,144,4,1,1->2,data/train/mnist/8/15598.png,data/train/mnist/6/58997.png,data/train/svhn/2/12527.png,8,6,2,0,1
725,145,0,0,0->2,data/train/mnist/7/34666.png,data/train/mnist/2/44265.png,data/train/svhn/6/56645.png,7,2,6,0,(0)
726,145,1,0,2->1,data/train/mnist/2/36166.png,data/train/mnist/7/53372.png,data/train/svhn/9/52169.png,2,7,9,1,0
727,145,2,0,1->2,data/train/mnist/8/7228.png,data/train/mnist/1/43910.png,data/train/svhn/7/32690.png,8,1,7,0,1
728,145,3,0,2->2,data/train/mnist/9/49854.png,data/train/mnist/7/16843.png,data/train/svhn/0/1272.png,9,7,0,0,0
729,145,4,0,2->1,data/train/mnist/1/35912.png,data/train/mnist/8/40939.png,data/train/svhn/9/62262.png,1,8,9,1,0
730,146,0,0,0->2,data/train/mnist/0/36440.png,data/train/mnist/1/47400.png,data/train/svhn/0/65719.png,0,1,0,0,(0)
731,146,1,0,2->1,data/train/mnist/0/36646.png,data/train/mnist/1/20394.png,data/train/svhn/1/61404.png,0,1,1,1,0
732,146,2,0,1->2,data/train/mnist/8/56842.png,data/train/mnist/6/31714.png,data/train/svhn/2/51396.png,8,6,2,0,1
733,146,3,0,2->2,data/train/mnist/0/46166.png,data/train/mnist/8/11457.png,data/train/svhn/3/1032.png,0,8,3,0,0
734,146,4,0,2->1,data/train/mnist/2/21324.png,data/train/mnist/5/23544.png,data/train/svhn/7/13519.png,2,5,7,1,0
735,147,0,1,0->1,data/train/mnist/7/47487.png,data/train/mnist/2/15055.png,data/train/svhn/9/11299.png,7,2,9,1,(0)
736,147,1,1,1->2,data/train/mnist/2/54838.png,data/train/mnist/2/25138.png,data/train/svhn/0/9487.png,2,2,0,0,1
737,147,2,1,2->2,data/train/mnist/1/42261.png,data/train/mnist/1/3045.png,data/train/svhn/6/28483.png,1,1,6,0,0
738,147,3,1,2->2,data/train/mnist/1/11533.png,data/train/mnist/9/51843.png,data/train/svhn/2/38767.png,1,9,2,0,0
739,147,4,1,2->2,data/train/mnist/9/44553.png,data/train/mnist/3/45400.png,data/train/svhn/5/62480.png,9,3,5,0,0
740,148,0,0,0->1,data/train/mnist/5/543.png,data/train/mnist/0/17770.png,data/train/svhn/5/47280.png,5,0,5,1,(1)
741,148,1,0,1->1,data/train/mnist/7/39880.png,data/train/mnist/0/5187.png,data/train/svhn/7/62894.png,7,0,7,1,1
742,148,2,0,1->1,data/train/mnist/4/9931.png,data/train/mnist/0/52393.png,data/train/svhn/4/63648.png,4,0,4,1,1
743,148,3,0,1->1,data/train/mnist/5/39808.png,data/train/mnist/0/23679.png,data/train/svhn/5/3904.png,5,0,5,1,1
744,148,4,0,1->1,data/train/mnist/7/34503.png,data/train/mnist/0/47822.png,data/train/svhn/7/36401.png,7,0,7,1,1
745,149,0,1,0->2,data/train/mnist/9/38265.png,data/train/mnist/1/14464.png,data/train/svhn/3/28211.png,9,1,3,0,(0)
746,149,1,1,2->1,data/train/mnist/7/47417.png,data/train/mnist/2/23330.png,data/train/svhn/9/68802.png,7,2,9,1,0
747,149,2,1,1->2,data/train/mnist/9/45044.png,data/train/mnist/3/3124.png,data/train/svhn/6/56283.png,9,3,6,0,1
748,149,3,1,2->1,data/train/mnist/4/18724.png,data/train/mnist/3/28391.png,data/train/svhn/7/39363.png,4,3,7,1,0
749,149,4,1,1->2,data/train/mnist/6/5772.png,data/train/mnist/5/55342.png,data/train/svhn/1/10539.png,6,5,1,0,1
750,150,0,0,0->1,data/train/mnist/0/45748.png,data/train/mnist/8/7636.png,data/train/svhn/8/5147.png,0,8,8,1,(0)
751,150,1,0,1->2,data/train/mnist/7/29309.png,data/train/mnist/2/49776.png,data/train/svhn/5/42459.png,7,2,5,0,1
752,150,2,0,2->2,data/train/mnist/7/26957.png,data/train/mnist/3/36338.png,data/train/svhn/0/40599.png,7,3,0,0,0
753,150,3,0,2->1,data/train/mnist/0/3734.png,data/train/mnist/1/56683.png,data/train/svhn/1/40675.png,0,1,1,1,0
754,150,4,0,1->1,data/train/mnist/9/54874.png,data/train/mnist/0/52045.png,data/train/svhn/9/46898.png,9,0,9,1,1
755,151,0,1,0->2,data/train/mnist/8/54787.png,data/train/mnist/9/20111.png,data/train/svhn/7/25431.png,8,9,7,0,(0)
756,151,1,1,2->2,data/train/mnist/1/49534.png,data/train/mnist/7/1687.png,data/train/svhn/3/34600.png,1,7,3,0,0
757,151,2,1,2->1,data/train/mnist/0/12313.png,data/train/mnist/1/53448.png,data/train/svhn/1/21131.png,0,1,1,1,0
758,151,3,1,1->1,data/train/mnist/7/54100.png,data/train/mnist/0/50968.png,data/train/svhn/7/51679.png,7,0,7,1,1
759,151,4,1,1->2,data/train/mnist/1/41333.png,data/train/mnist/1/57714.png,data/train/svhn/0/7582.png,1,1,0,0,1
760,152,0,1,0->2,data/train/mnist/5/47039.png,data/train/mnist/3/45759.png,data/train/svhn/1/37278.png,5,3,1,0,(0)
761,152,1,1,2->1,data/train/mnist/2/28744.png,data/train/mnist/5/26995.png,data/train/svhn/7/49377.png,2,5,7,1,0
762,152,2,1,1->1,data/train/mnist/4/8673.png,data/train/mnist/0/46562.png,data/train/svhn/4/54997.png,4,0,4,1,1
763,152,3,1,1->1,data/train/mnist/0/27290.png,data/train/mnist/0/39848.png,data/train/svhn/0/66010.png,0,0,0,1,1
764,152,4,1,1->2,data/train/mnist/3/39618.png,data/train/mnist/1/38845.png,data/train/svhn/2/60781.png,3,1,2,0,1
765,153,0,0,0->2,data/train/mnist/5/8426.png,data/train/mnist/4/29503.png,data/train/svhn/7/40195.png,5,4,7,0,(0)
766,153,1,0,2->2,data/train/mnist/0/1907.png,data/train/mnist/2/47132.png,data/train/svhn/6/38125.png,0,2,6,0,0
767,153,2,0,2->1,data/train/mnist/1/4405.png,data/train/mnist/8/44484.png,data/train/svhn/9/590.png,1,8,9,1,0
768,153,3,0,1->2,data/train/mnist/3/6662.png,data/train/mnist/3/19342.png,data/train/svhn/0/9659.png,3,3,0,0,1
769,153,4,0,2->1,data/train/mnist/3/2660.png,data/train/mnist/3/54782.png,data/train/svhn/6/67411.png,3,3,6,1,0
770,154,0,0,0->1,data/train/mnist/1/45438.png,data/train/mnist/1/21741.png,data/train/svhn/2/28210.png,1,1,2,1,(0)
771,154,1,0,1->2,data/train/mnist/4/56951.png,data/train/mnist/2/24546.png,data/train/svhn/2/53542.png,4,2,2,0,1
772,154,2,0,2->2,data/train/mnist/7/52460.png,data/train/mnist/3/20500.png,data/train/svhn/7/60726.png,7,3,7,0,0
773,154,3,0,2->2,data/train/mnist/8/40031.png,data/train/mnist/6/45090.png,data/train/svhn/9/3417.png,8,6,9,0,0
774,154,4,0,2->1,data/train/mnist/4/43073.png,data/train/mnist/4/15876.png,data/train/svhn/8/39927.png,4,4,8,1,0
775,155,0,1,0->1,data/train/mnist/1/47119.png,data/train/mnist/7/25469.png,data/train/svhn/8/67379.png,1,7,8,1,(0)
776,155,1,1,1->1,data/train/mnist/3/30540.png,data/train/mnist/0/19006.png,data/train/svhn/3/13183.png,3,0,3,1,1
777,155,2,1,1->1,data/train/mnist/8/44200.png,data/train/mnist/0/52698.png,data/train/svhn/8/44538.png,8,0,8,1,1
778,155,3,1,1->1,data/train/mnist/1/49076.png,data/train/mnist/0/12095.png,data/train/svhn/1/41477.png,1,0,1,1,1
779,155,4,1,1->2,data/train/mnist/7/29443.png,data/train/mnist/5/15284.png,data/train/svhn/2/15176.png,7,5,2,0,1
780,156,0,1,0->1,data/train/mnist/4/17076.png,data/train/mnist/1/8678.png,data/train/svhn/5/26218.png,4,1,5,1,(0)
781,156,1,1,1->2,data/train/mnist/9/53592.png,data/train/mnist/4/46325.png,data/train/svhn/5/15019.png,9,4,5,0,1
782,156,2,1,2->2,data/train/mnist/3/49082.png,data/train/mnist/0/38543.png,data/train/svhn/1/13841.png,3,0,1,0,0
783,156,3,1,2->1,data/train/mnist/0/5938.png,data/train/mnist/6/50303.png,data/train/svhn/6/31427.png,0,6,6,1,0
784,156,4,1,1->2,data/train/mnist/9/27370.png,data/train/mnist/7/24917.png,data/train/svhn/2/39770.png,9,7,2,0,1
785,157,0,0,0->1,data/train/mnist/3/32790.png,data/train/mnist/5/7480.png,data/train/svhn/8/1435.png,3,5,8,1,(0)
786,157,1,0,1->2,data/train/mnist/7/29709.png,data/train/mnist/1/31169.png,data/train/svhn/6/39263.png,7,1,6,0,1
787,157,2,0,2->2,data/train/mnist/8/48296.png,data/train/mnist/4/33650.png,data/train/svhn/0/54323.png,8,4,0,0,0
788,157,3,0,2->1,data/train/mnist/4/58545.png,data/train/mnist/4/4283.png,data/train/svhn/8/73248.png,4,4,8,1,0
789,157,4,0,1->1,data/train/mnist/5/10401.png,data/train/mnist/0/2817.png,data/train/svhn/5/53050.png,5,0,5,1,1
790,158,0,1,0->1,data/train/mnist/1/2415.png,data/train/mnist/1/1331.png,data/train/svhn/2/6974.png,1,1,2,1,(0)
791,158,1,1,1->1,data/train/mnist/2/33967.png,data/train/mnist/0/47599.png,data/train/svhn/2/67979.png,2,0,2,1,1
792,158,2,1,1->1,data/train/mnist/4/51853.png,data/train/mnist/0/15382.png,data/train/svhn/4/35200.png,4,0,4,1,1
793,158,3,1,1->2,data/train/mnist/9/44936.png,data/train/mnist/4/481.png,data/train/svhn/5/49827.png,9,4,5,0,1
794,158,4,1,2->2,data/train/mnist/7/23051.png,data/train/mnist/6/59483.png,data/train/svhn/2/34063.png,7,6,2,0,0
795,159,0,0,0->2,data/train/mnist/2/19345.png,data/train/mnist/2/15228.png,data/train/svhn/6/25587.png,2,2,6,0,(0)
796,159,1,0,2->1,data/train/mnist/0/776.png,data/train/mnist/7/50884.png,data/train/svhn/7/21067.png,0,7,7,1,0
797,159,2,0,1->1,data/train/mnist/6/40952.png,data/train/mnist/0/43216.png,data/train/svhn/6/56255.png,6,0,6,1,1
798,159,3,0,1->1,data/train/mnist/2/22856.png,data/train/mnist/0/8449.png,data/train/svhn/2/49105.png,2,0,2,1,1
799,159,4,0,1->1,data/train/mnist/9/227.png,data/train/mnist/0/10599.png,data/train/svhn/9/66097.png,9,0,9,1,1
